date,feature_index,SO2
2025-11-30T00:00:00.000Z,0,
2025-11-26T00:00:00.000Z,0,
2025-11-25T00:00:00.000Z,0,
2025-11-28T00:00:00.000Z,0,
2025-11-29T00:00:00.000Z,0,
2025-12-01T00:00:00.000Z,0,
2025-11-27T00:00:00.000Z,0,
2025-11-24T00:00:00.000Z,0,
2026-05-02T00:00:00.000Z,0,4.033593868371099E-4
2026-04-26T00:00:00.000Z,0,1.085157273337245E-4
2026-04-25T00:00:00.000Z,0,1.6879937902558595E-4
2026-05-01T00:00:00.000Z,0,5.204707122175023E-5
2026-04-27T00:00:00.000Z,0,2.1869433112442493E-4
2026-04-29T00:00:00.000Z,0,
2026-04-30T00:00:00.000Z,0,
2026-04-28T00:00:00.000Z,0,1.559602387715131E-4
2026-08-28T00:00:00.000Z,0,-1.0197131337008614E-4
2026-08-25T00:00:00.000Z,0,1.971011522527988E-5
2026-08-27T00:00:00.000Z,0,9.374592627864331E-5
2026-08-24T00:00:00.000Z,0,6.161672645248473E-4
2026-08-29T00:00:00.000Z,0,-3.5593167467595777E-4
2026-08-26T00:00:00.000Z,0,-1.2490306653489824E-4
2026-08-30T00:00:00.000Z,0,2.5227302103303373E-5
2026-08-23T00:00:00.000Z,0,-2.0029928418807685E-4
2025-09-20T00:00:00.000Z,0,
2025-09-16T00:00:00.000Z,0,3.2959022792056203E-4
2025-09-18T00:00:00.000Z,0,
2025-09-15T00:00:00.000Z,0,-1.1399836512282491E-4
2025-09-14T00:00:00.000Z,0,4.295411199564114E-4
2025-09-19T00:00:00.000Z,0,1.488284942752216E-5
2025-09-13T00:00:00.000Z,0,8.476210496155545E-6
2025-09-17T00:00:00.000Z,0,9.558727651892696E-5
2025-11-10T00:00:00.000Z,0,
2025-11-14T00:00:00.000Z,0,
2025-11-12T00:00:00.000Z,0,
2025-11-08T00:00:00.000Z,0,
2025-11-09T00:00:00.000Z,0,
2025-11-13T00:00:00.000Z,0,-1.8547883883002214E-5
2025-11-11T00:00:00.000Z,0,
2025-11-15T00:00:00.000Z,0,
2026-03-03T00:00:00.000Z,0,-1.188215974252671E-4
2026-03-05T00:00:00.000Z,0,
2026-03-06T00:00:00.000Z,0,
2026-03-02T00:00:00.000Z,0,
2026-03-01T00:00:00.000Z,0,
2026-03-04T00:00:00.000Z,0,
2026-02-28T00:00:00.000Z,0,
2026-03-07T00:00:00.000Z,0,
2026-03-08T00:00:00.000Z,0,
2026-03-09T00:00:00.000Z,0,-5.891154069104232E-5
2026-03-12T00:00:00.000Z,0,
2026-03-10T00:00:00.000Z,0,1.4944739814382046E-4
2026-03-13T00:00:00.000Z,0,-4.4715814510709606E-5
2026-03-15T00:00:00.000Z,0,-9.229316401615506E-5
2026-03-11T00:00:00.000Z,0,-3.261935489717871E-4
2026-03-14T00:00:00.000Z,0,1.865373196778819E-4
2026-06-03T00:00:00.000Z,0,-8.417622484557796E-5
2026-05-29T00:00:00.000Z,0,2.356664335820824E-4
2026-06-02T00:00:00.000Z,0,9.164127186522819E-5
2026-06-01T00:00:00.000Z,0,-5.231075192568824E-6
2026-05-30T00:00:00.000Z,0,1.4146296234684996E-4
2026-05-28T00:00:00.000Z,0,6.0703561757691205E-5
2026-05-27T00:00:00.000Z,0,-7.065900490488275E-5
2026-05-31T00:00:00.000Z,0,-7.66498051234521E-5
2026-07-02T00:00:00.000Z,0,-4.7168855962809175E-4
2026-07-04T00:00:00.000Z,0,-1.358407607767731E-4
2026-07-03T00:00:00.000Z,0,-3.7108980905031785E-5
2026-07-01T00:00:00.000Z,0,8.667271686135791E-4
2026-06-29T00:00:00.000Z,0,2.4004067381611094E-4
2026-06-30T00:00:00.000Z,0,-5.473966593854129E-4
2026-07-05T00:00:00.000Z,0,2.7304240211378783E-4
2026-06-28T00:00:00.000Z,0,6.933911354281008E-4
2025-10-11T00:00:00.000Z,0,-2.1908989219809882E-4
2025-10-12T00:00:00.000Z,0,1.1321977945044637E-4
2025-10-14T00:00:00.000Z,0,1.2712314492091537E-4
2025-10-09T00:00:00.000Z,0,1.426011040166486E-4
2025-10-13T00:00:00.000Z,0,-1.8293837547389558E-4
2025-10-10T00:00:00.000Z,0,
2025-10-07T00:00:00.000Z,0,5.070285260444507E-4
2025-10-08T00:00:00.000Z,0,6.407067885447759E-4
2026-02-03T00:00:00.000Z,0,-2.8739238041453063E-4
2026-02-01T00:00:00.000Z,0,
2026-01-31T00:00:00.000Z,0,1.506120588601334E-5
2026-01-28T00:00:00.000Z,0,
2026-01-29T00:00:00.000Z,0,
2026-02-02T00:00:00.000Z,0,
2026-01-27T00:00:00.000Z,0,
2026-01-30T00:00:00.000Z,0,
2026-04-16T00:00:00.000Z,0,4.261644426151179E-4
2026-04-13T00:00:00.000Z,0,-1.2809229519916698E-4
2026-04-15T00:00:00.000Z,0,6.612313154619187E-4
2026-04-12T00:00:00.000Z,0,8.603560272604227E-4
2026-04-10T00:00:00.000Z,0,
2026-04-11T00:00:00.000Z,0,4.119914083275944E-4
2026-04-09T00:00:00.000Z,0,-3.7360664464358706E-6
2026-04-14T00:00:00.000Z,0,5.230281240073964E-4
2025-10-27T00:00:00.000Z,0,
2025-10-23T00:00:00.000Z,0,3.651509396149777E-4
2025-10-29T00:00:00.000Z,0,
2025-10-26T00:00:00.000Z,0,
2025-10-28T00:00:00.000Z,0,
2025-10-30T00:00:00.000Z,0,5.028335726819932E-4
2025-10-25T00:00:00.000Z,0,
2025-10-24T00:00:00.000Z,0,
2025-12-04T00:00:00.000Z,0,
2025-12-05T00:00:00.000Z,0,5.47834555618465E-4
2025-12-02T00:00:00.000Z,0,
2025-12-06T00:00:00.000Z,0,-4.699883356806822E-5
2025-12-09T00:00:00.000Z,0,
2025-12-08T00:00:00.000Z,0,
2025-12-03T00:00:00.000Z,0,4.753224129672162E-5
2025-12-07T00:00:00.000Z,0,-2.10918969969498E-5
2025-09-08T00:00:00.000Z,0,4.0595678001409397E-5
2025-09-10T00:00:00.000Z,0,-1.899712333397474E-5
2025-09-12T00:00:00.000Z,0,2.339102211408317E-4
2025-09-11T00:00:00.000Z,0,-7.704516756348312E-4
2025-09-06T00:00:00.000Z,0,3.114754508715123E-4
2025-09-07T00:00:00.000Z,0,
2025-09-09T00:00:00.000Z,0,8.947302558226511E-5
2025-09-05T00:00:00.000Z,0,9.457167761866003E-4
2025-11-06T00:00:00.000Z,0,
2025-11-03T00:00:00.000Z,0,-4.920402425341308E-4
2025-11-05T00:00:00.000Z,0,
2025-10-31T00:00:00.000Z,0,
2025-11-02T00:00:00.000Z,0,
2025-11-04T00:00:00.000Z,0,-6.390127236954868E-5
2025-11-07T00:00:00.000Z,0,5.269118264550343E-5
2025-11-01T00:00:00.000Z,0,-9.330255124950781E-6
2025-12-19T00:00:00.000Z,0,
2025-12-23T00:00:00.000Z,0,1.1183001697645523E-4
2025-12-18T00:00:00.000Z,0,1.9639047968667E-4
2025-12-25T00:00:00.000Z,0,4.7426674427697435E-5
2025-12-21T00:00:00.000Z,0,7.930819992907345E-5
2025-12-24T00:00:00.000Z,0,1.795289608708117E-5
2025-12-20T00:00:00.000Z,0,
2025-12-22T00:00:00.000Z,0,
2026-07-31T00:00:00.000Z,0,-2.497730019968003E-4
2026-08-01T00:00:00.000Z,0,-2.473062486387789E-4
2026-08-06T00:00:00.000Z,0,1.7748911341186613E-4
2026-07-30T00:00:00.000Z,0,1.760762643243652E-5
2026-08-04T00:00:00.000Z,0,4.457127579371445E-5
2026-08-05T00:00:00.000Z,0,9.043663158081472E-5
2026-08-02T00:00:00.000Z,0,-5.527078756131232E-4
2026-08-03T00:00:00.000Z,0,2.4498913262505084E-5
2025-09-25T00:00:00.000Z,0,1.8745046691037714E-4
2025-09-27T00:00:00.000Z,0,1.57160269736778E-4
2025-09-23T00:00:00.000Z,0,7.211733900476247E-4
2025-09-24T00:00:00.000Z,0,3.844641614705324E-4
2025-09-21T00:00:00.000Z,0,-2.9504897247534245E-4
2025-09-22T00:00:00.000Z,0,4.949436261085793E-4
2025-09-28T00:00:00.000Z,0,-1.7118359392043203E-4
2025-09-26T00:00:00.000Z,0,-4.04461425205227E-5
2026-02-04T00:00:00.000Z,0,8.392239396926016E-5
2026-02-05T00:00:00.000Z,0,
2026-02-11T00:00:00.000Z,0,
2026-02-06T00:00:00.000Z,0,1.3550316043620114E-4
2026-02-09T00:00:00.000Z,0,
2026-02-07T00:00:00.000Z,0,
2026-02-08T00:00:00.000Z,0,
2026-02-10T00:00:00.000Z,0,-8.971353963715956E-5
2026-02-25T00:00:00.000Z,0,
2026-02-23T00:00:00.000Z,0,
2026-02-24T00:00:00.000Z,0,
2026-02-26T00:00:00.000Z,0,
2026-02-22T00:00:00.000Z,0,
2026-02-21T00:00:00.000Z,0,
2026-02-20T00:00:00.000Z,0,2.4127776850946248E-4
2026-02-27T00:00:00.000Z,0,5.503021020558663E-5
2026-04-21T00:00:00.000Z,0,
2026-04-20T00:00:00.000Z,0,-1.1715055734384805E-4
2026-04-19T00:00:00.000Z,0,-1.4087236195337027E-5
2026-04-22T00:00:00.000Z,0,
2026-04-18T00:00:00.000Z,0,1.2178220913483528E-4
2026-04-17T00:00:00.000Z,0,2.2767426708014682E-4
2026-04-24T00:00:00.000Z,0,8.9937326265499E-5
2026-04-23T00:00:00.000Z,0,
2026-07-09T00:00:00.000Z,0,3.541548976500053E-4
2026-07-10T00:00:00.000Z,0,2.0440514344954863E-4
2026-07-07T00:00:00.000Z,0,-9.920078446157277E-5
2026-07-08T00:00:00.000Z,0,
2026-07-11T00:00:00.000Z,0,6.458994175773114E-5
2026-07-13T00:00:00.000Z,0,3.695255145430565E-4
2026-07-06T00:00:00.000Z,0,
2026-07-12T00:00:00.000Z,0,-5.076554043625947E-5
2026-01-01T00:00:00.000Z,0,
2025-12-29T00:00:00.000Z,0,5.511990184459137E-5
2026-01-02T00:00:00.000Z,0,
2025-12-28T00:00:00.000Z,0,-9.270611917600036E-5
2025-12-30T00:00:00.000Z,0,1.80041795829311E-4
2025-12-31T00:00:00.000Z,0,
2025-12-26T00:00:00.000Z,0,-5.885740392841399E-5
2025-12-27T00:00:00.000Z,0,9.760569810168818E-5
2026-01-03T00:00:00.000Z,0,
2026-01-04T00:00:00.000Z,0,7.807371821400011E-5
2026-01-06T00:00:00.000Z,0,
2026-01-10T00:00:00.000Z,0,
2026-01-07T00:00:00.000Z,0,
2026-01-08T00:00:00.000Z,0,-1.558332733111456E-4
2026-01-05T00:00:00.000Z,0,-2.9861337043257663E-4
2026-01-09T00:00:00.000Z,0,
2026-03-19T00:00:00.000Z,0,
2026-03-16T00:00:00.000Z,0,-1.6105159738799557E-4
2026-03-21T00:00:00.000Z,0,-3.699889202835038E-5
2026-03-22T00:00:00.000Z,0,
2026-03-23T00:00:00.000Z,0,7.684529555262998E-5
2026-03-20T00:00:00.000Z,0,-3.249073779443279E-5
2026-03-17T00:00:00.000Z,0,
2026-03-18T00:00:00.000Z,0,-9.495957056060433E-5
2026-05-15T00:00:00.000Z,0,6.967659574002028E-4
2026-05-17T00:00:00.000Z,0,-1.1739069304894656E-4
2026-05-11T00:00:00.000Z,0,1.284344180021435E-4
2026-05-16T00:00:00.000Z,0,2.6118832829524763E-4
2026-05-18T00:00:00.000Z,0,1.1947086386498995E-4
2026-05-12T00:00:00.000Z,0,-1.0611808829708025E-4
2026-05-14T00:00:00.000Z,0,2.1285026741679758E-4
2026-05-13T00:00:00.000Z,0,2.4836306693032384E-4
2026-08-10T00:00:00.000Z,0,-1.552618068672018E-4
2026-08-07T00:00:00.000Z,0,3.976671814598376E-5
2026-08-09T00:00:00.000Z,0,7.832891424186528E-4
2026-08-08T00:00:00.000Z,0,
2026-08-13T00:00:00.000Z,0,-1.714406389510259E-4
2026-08-12T00:00:00.000Z,0,4.1677081026136875E-4
2026-08-11T00:00:00.000Z,0,2.0057526126038283E-4
2026-08-14T00:00:00.000Z,0,-1.6590763698332012E-4
2026-05-21T00:00:00.000Z,0,2.687348169274628E-4
2026-05-19T00:00:00.000Z,0,6.156987092253985E-5
2026-05-23T00:00:00.000Z,0,6.886419141665101E-4
2026-05-25T00:00:00.000Z,0,
2026-05-26T00:00:00.000Z,0,5.8346007790532894E-5
2026-05-20T00:00:00.000Z,0,
2026-05-22T00:00:00.000Z,0,
2026-05-24T00:00:00.000Z,0,1.4669483425677754E-4
2026-01-17T00:00:00.000Z,0,
2026-01-15T00:00:00.000Z,0,
2026-01-11T00:00:00.000Z,0,
2026-01-14T00:00:00.000Z,0,
2026-01-13T00:00:00.000Z,0,
2026-01-16T00:00:00.000Z,0,1.7701029719319195E-5
2026-01-18T00:00:00.000Z,0,-7.667854515602812E-5
2026-01-12T00:00:00.000Z,0,
2026-02-14T00:00:00.000Z,0,
2026-02-13T00:00:00.000Z,0,
2026-02-16T00:00:00.000Z,0,4.404855644679628E-5
2026-02-19T00:00:00.000Z,0,
2026-02-18T00:00:00.000Z,0,
2026-02-15T00:00:00.000Z,0,7.855642616050318E-5
2026-02-12T00:00:00.000Z,0,
2026-02-17T00:00:00.000Z,0,
2026-06-22T00:00:00.000Z,0,-2.2339947463478893E-5
2026-06-26T00:00:00.000Z,0,
2026-06-20T00:00:00.000Z,0,6.557634915225208E-4
2026-06-21T00:00:00.000Z,0,1.1002619430655614E-4
2026-06-27T00:00:00.000Z,0,
2026-06-23T00:00:00.000Z,0,3.301667020423338E-4
2026-06-24T00:00:00.000Z,0,
2026-06-25T00:00:00.000Z,0,2.6579794166536885E-5
2025-12-15T00:00:00.000Z,0,
2025-12-10T00:00:00.000Z,0,
2025-12-16T00:00:00.000Z,0,-2.111839276039973E-4
2025-12-17T00:00:00.000Z,0,1.0328955977456644E-4
2025-12-12T00:00:00.000Z,0,-1.1294423165963963E-4
2025-12-13T00:00:00.000Z,0,
2025-12-11T00:00:00.000Z,0,
2025-12-14T00:00:00.000Z,0,
2026-01-23T00:00:00.000Z,0,
2026-01-25T00:00:00.000Z,0,1.3864104403182864E-4
2026-01-19T00:00:00.000Z,0,-4.376118158688769E-5
2026-01-21T00:00:00.000Z,0,
2026-01-22T00:00:00.000Z,0,
2026-01-26T00:00:00.000Z,0,
2026-01-20T00:00:00.000Z,0,
2026-01-24T00:00:00.000Z,0,
2026-05-08T00:00:00.000Z,0,5.933877691859379E-4
2026-05-06T00:00:00.000Z,0,6.277732318267226E-4
2026-05-10T00:00:00.000Z,0,1.3506233517546207E-4
2026-05-03T00:00:00.000Z,0,
2026-05-07T00:00:00.000Z,0,-3.456479225860676E-5
2026-05-09T00:00:00.000Z,0,3.211943112546578E-5
2026-05-04T00:00:00.000Z,0,2.1168812236282974E-4
2026-05-05T00:00:00.000Z,0,
2026-06-06T00:00:00.000Z,0,
2026-06-11T00:00:00.000Z,0,3.1419442530022934E-4
2026-06-05T00:00:00.000Z,0,1.5227525000227615E-4
2026-06-07T00:00:00.000Z,0,-4.8773351591080427E-4
2026-06-10T00:00:00.000Z,0,1.6998725186567754E-4
2026-06-09T00:00:00.000Z,0,-1.1336914030835032E-4
2026-06-08T00:00:00.000Z,0,8.109906921163201E-4
2026-06-04T00:00:00.000Z,0,2.7209363179281354E-4
2026-06-13T00:00:00.000Z,0,3.46255925251171E-4
2026-06-16T00:00:00.000Z,0,2.4842616403475404E-4
2026-06-15T00:00:00.000Z,0,7.879826443968341E-5
2026-06-19T00:00:00.000Z,0,6.17013851297088E-4
2026-06-18T00:00:00.000Z,0,6.541703623952344E-5
2026-06-14T00:00:00.000Z,0,-2.812019010889344E-5
2026-06-17T00:00:00.000Z,0,2.709168547880836E-4
2026-06-12T00:00:00.000Z,0,
2025-10-18T00:00:00.000Z,0,-1.8426034148433246E-4
2025-10-19T00:00:00.000Z,0,-2.8443807968869805E-4
2025-10-22T00:00:00.000Z,0,
2025-10-16T00:00:00.000Z,0,2.828870783559978E-4
2025-10-20T00:00:00.000Z,0,
2025-10-15T00:00:00.000Z,0,7.24953570170328E-5
2025-10-21T00:00:00.000Z,0,
2025-10-17T00:00:00.000Z,0,
2025-11-20T00:00:00.000Z,0,
2025-11-19T00:00:00.000Z,0,
2025-11-17T00:00:00.000Z,0,3.661376831587404E-4
2025-11-22T00:00:00.000Z,0,-3.4423539182171226E-4
2025-11-23T00:00:00.000Z,0,
2025-11-18T00:00:00.000Z,0,-4.5740598579868674E-5
2025-11-21T00:00:00.000Z,0,
2025-11-16T00:00:00.000Z,0,
2026-03-26T00:00:00.000Z,0,
2026-03-30T00:00:00.000Z,0,
2026-03-24T00:00:00.000Z,0,
2026-03-31T00:00:00.000Z,0,
2026-03-28T00:00:00.000Z,0,-4.0169397834688425E-4
2026-03-27T00:00:00.000Z,0,2.0204464453854598E-4
2026-03-25T00:00:00.000Z,0,
2026-03-29T00:00:00.000Z,0,1.0574026964604855E-4
2026-07-21T00:00:00.000Z,0,2.0658771973103285E-4
2026-07-15T00:00:00.000Z,0,-9.494397090747952E-8
2026-07-20T00:00:00.000Z,0,-2.0903242693748325E-4
2026-07-17T00:00:00.000Z,0,2.491701889084652E-5
2026-07-16T00:00:00.000Z,0,1.456163481634576E-4
2026-07-14T00:00:00.000Z,0,1.0719361307565123E-4
2026-07-19T00:00:00.000Z,0,1.5690196596551687E-4
2026-07-18T00:00:00.000Z,0,-2.2945247474126518E-4
2026-07-28T00:00:00.000Z,0,2.165052792406641E-4
2026-07-24T00:00:00.000Z,0,2.6146136224269867E-4
2026-07-25T00:00:00.000Z,0,3.882079472532496E-4
2026-07-26T00:00:00.000Z,0,1.386311669193674E-4
2026-07-22T00:00:00.000Z,0,-1.5948433429002762E-5
2026-07-29T00:00:00.000Z,0,-3.030520565516781E-5
2026-07-23T00:00:00.000Z,0,-2.3057694124872796E-4
2026-07-27T00:00:00.000Z,0,-8.964279550127685E-5
2025-09-03T00:00:00.000Z,0,-4.622305277734995E-5
2025-09-04T00:00:00.000Z,0,3.2054149778559804E-4
2025-09-02T00:00:00.000Z,0,1.6529986169189215E-4
2025-08-30T00:00:00.000Z,0,
2025-08-31T00:00:00.000Z,0,4.046132817165926E-4
2025-09-01T00:00:00.000Z,0,2.8406595811247826E-4
2025-09-30T00:00:00.000Z,0,
2025-10-01T00:00:00.000Z,0,
2025-10-02T00:00:00.000Z,0,-4.861418346990831E-5
2025-10-06T00:00:00.000Z,0,-1.322461394011043E-4
2025-10-04T00:00:00.000Z,0,-3.1251032487489283E-4
2025-10-03T00:00:00.000Z,0,8.895302744349465E-5
2025-10-05T00:00:00.000Z,0,9.185241651721299E-7
2025-09-29T00:00:00.000Z,0,-9.01813036762178E-5
2026-04-06T00:00:00.000Z,0,5.251192260402604E-5
2026-04-02T00:00:00.000Z,0,
2026-04-05T00:00:00.000Z,0,1.7391572328051552E-5
2026-04-04T00:00:00.000Z,0,1.6699944808351574E-5
2026-04-08T00:00:00.000Z,0,
2026-04-01T00:00:00.000Z,0,7.179505155363586E-5
2026-04-03T00:00:00.000Z,0,6.282749818637967E-4
2026-04-07T00:00:00.000Z,0,
2026-08-16T00:00:00.000Z,0,1.5393254230389175E-4
2026-08-21T00:00:00.000Z,0,3.637622867245227E-4
2026-08-18T00:00:00.000Z,0,-5.958525980531704E-5
2026-08-15T00:00:00.000Z,0,4.111527141503757E-5
2026-08-19T00:00:00.000Z,0,1.1180476940353401E-4
2026-08-22T00:00:00.000Z,0,6.175532689667307E-6
2026-08-17T00:00:00.000Z,0,1.3411179816102958E-4
2026-08-20T00:00:00.000Z,0,2.7955912082688883E-4
