"record_type","row_number","date","value","status","deviation","deviation_squared","standardized_deviation","standardized_cube","standardized_fourth","metric","formula","result"
"data","1","08/25/2025","0.00044561882192889848","valid","-19714105440.884892","3.8864595333432731E+20","-0.15695860201900133","-0.0038668325506245669","0.0006069326313876013","","",""
"data","2","08/26/2025","0.0010538691033919652","valid","-19714105440.884285","3.8864595333430339E+20","-0.1569586020189965","-0.00386683255062421","0.00060693263138752659","","",""
"data","3","08/27/2025","0.00044029768280409","valid","-19714105440.8849","3.8864595333432757E+20","-0.15695860201900139","-0.0038668325506245713","0.00060693263138760216","","",""
"data","4","08/28/2025","514000000000","valid","494285894559.11469","2.4431854556010425E+23","3.9353762837654656","60.947906433981942","239.85294552544917","","",""
"data","5","08/29/2025","26273892824","valid","6559787383.1146622","4.3030810511670305E+19","0.052227328309822858","0.00014246016079022162","7.4403135886610579E-06","","",""
"data","6","08/30/2025","0.00018032719022952593","valid","-19714105440.885159","3.886459533343378E+20","-0.15695860201900344","-0.0038668325506247231","0.00060693263138763393","","",""
"data","7","08/31/2025","-0.00010524934623390436","valid","-19714105440.885445","3.8864595333434907E+20","-0.15695860201900572","-0.0038668325506248913","0.00060693263138766906","","",""
"data","8","09/01/2025","0.00043570439863417832","valid","-19714105440.884903","3.8864595333432771E+20","-0.15695860201900141","-0.0038668325506245734","0.00060693263138760249","","",""
"data","9","09/02/2025","33694463006","valid","13980357565.114662","1.9545039764845878E+20","0.11130798634136102","0.0013790467152602452","0.00015349891294628616","","",""
"data","10","09/03/2025","0.0001092690664033095","valid","-19714105440.885227","3.8864595333434055E+20","-0.156958602019004","-0.0038668325506247643","0.0006069326313876425","","",""
"data","11","09/04/2025","0.00046573909930884837","valid","-19714105440.884872","3.8864595333432653E+20","-0.15695860201900116","-0.0038668325506245548","0.00060693263138759869","","",""
"data","12","09/05/2025","0.00033198483288288116","valid","-19714105440.885006","3.8864595333433177E+20","-0.15695860201900222","-0.0038668325506246329","0.000606932631387615","","",""
"data","13","09/06/2025","0.00012505793109022337","valid","-19714105440.885212","3.886459533343399E+20","-0.15695860201900388","-0.003866832550624756","0.00060693263138764076","","",""
"data","14","09/07/2025","-968402933","valid","-20682508373.885338","4.2776615263583712E+20","-0.16466877537739377","-0.0044651264989366227","0.00073526691248504341","","",""
"data","15","09/08/2025","43906310263","valid","24192204822.114662","5.8526277415514794E+20","0.19261206956728233","0.0071457940132773831","0.0013763661735988529","","",""
"data","16","09/09/2025","415000000000","valid","395285894559.11469","1.5625093843739953E+23","3.147163922495694","31.171528049600568","98.101908486765467","","",""
"data","17","09/10/2025","-82411715994","valid","-102125821434.88535","1.0429683403750088E+22","-0.81309934201824263","-0.53756480705444032","0.43709359090812894","","",""
"data","18","09/11/2025","0.00020028658521672091","valid","-19714105440.885136","3.8864595333433688E+20","-0.15695860201900327","-0.0038668325506247109","0.00060693263138763133","","",""
"data","19","09/12/2025","0.00017571277187570283","valid","-19714105440.885162","3.8864595333433793E+20","-0.15695860201900347","-0.0038668325506247252","0.00060693263138763426","","",""
"data","20","09/13/2025","88987983358","valid","69273877917.114655","4.7988701616753051E+21","0.55154067562992748","0.16777708336553673","0.0925358859146468","","",""
"data","21","09/14/2025","0.00015859967097640038","valid","-19714105440.885178","3.8864595333433858E+20","-0.15695860201900361","-0.0038668325506247352","0.00060693263138763642","","",""
"data","22","09/15/2025","0.00010857025447946328","valid","-19714105440.885231","3.8864595333434068E+20","-0.15695860201900402","-0.003866832550624766","0.00060693263138764293","","",""
"data","23","09/16/2025","0.000264204911548983","valid","-19714105440.885075","3.8864595333433452E+20","-0.15695860201900277","-0.0038668325506246736","0.00060693263138762352","","",""
"data","24","09/17/2025","91310284915","valid","71596179474.114655","5.1260129152896367E+21","0.57003023920390161","0.18522247571571071","0.10558241213816544","","",""
"data","25","09/18/2025","-72970244219","valid","-92684349659.885345","8.5903886718758887E+21","-0.73792878887041791","-0.40183092908350787","0.29652261082926773","","",""
"data","26","09/19/2025","57218009951","valid","37503904510.114662","1.406542853503799E+21","0.29859637505811626","0.026622791647001227","0.007949469079722063","","",""
"data","27","09/21/2025","45739119135","valid","26025013694.114662","6.7730133777885574E+20","0.20720441915066926","0.00889604642694765","0.0018433001326330746","","",""
"data","28","09/22/2025","0.00035388752197225887","valid","-19714105440.884983","3.8864595333433092E+20","-0.15695860201900205","-0.0038668325506246203","0.00060693263138761246","","",""
"data","29","09/23/2025","0.00047425525262951852","valid","-19714105440.884865","3.886459533343262E+20","-0.15695860201900111","-0.0038668325506245509","0.00060693263138759783","","",""
"data","30","09/24/2025","99202473487","valid","79488368046.114655","6.3184006546345815E+21","0.63286580071826959","0.25347485466953157","0.16041556686238012","","",""
"data","31","09/25/2025","0.00027877089257041614","valid","-19714105440.885059","3.8864595333433393E+20","-0.15695860201900266","-0.0038668325506246658","0.0006069326313876219","","",""
"data","32","09/26/2025","82987901156","valid","63273795715.114662","4.0035732241980625E+21","0.50376957502133013","0.12784854937427426","0.064406209385371685","","",""
"data","33","09/27/2025","-4001821314","valid","-23715926754.885338","5.6244518184308618E+20","-0.18882006694110223","-0.0067320051849223657","0.0012711376696648885","","",""
"data","34","09/28/2025","74843697560","valid","55129592119.114662","3.0392719272199497E+21","0.4389275351519874","0.084562629421468041","0.0371168664979359","","",""
"data","35","09/29/2025","102000000000","valid","82285894559.114655","6.7709684433937351E+21","0.65513898231954759","0.28119029362772363","0.18421872280540164","","",""
"data","36","10/01/2025","-0.0001974751939997077","valid","-19714105440.885536","3.8864595333435267E+20","-0.15695860201900647","-0.0038668325506249468","0.00060693263138768066","","",""
"data","37","10/02/2025","-23944722489","valid","-43658827929.885338","1.906093256211336E+21","-0.34760028134227849","-0.0419991361562664","0.014598911544050861","","",""
"data","38","10/03/2025","75158446894","valid","55444341453.114662","3.0740749991695687E+21","0.44143348783643416","0.086019285132394929","0.037971793057189819","","",""
"data","39","10/04/2025","0.00016040820628404617","valid","-19714105440.885178","3.8864595333433858E+20","-0.15695860201900361","-0.0038668325506247352","0.00060693263138763642","","",""
"data","40","10/05/2025","0.00013095045772691568","valid","-19714105440.885208","3.8864595333433976E+20","-0.15695860201900383","-0.0038668325506247517","0.00060693263138763989","","",""
"data","41","10/06/2025","48587556618","valid","28873451177.114662","8.33676182877224E+20","0.22988294071031326","0.012148432144108004","0.002792717306307244","","",""
"data","42","10/07/2025","0.00034826180587212244","valid","-19714105440.884991","3.8864595333433118E+20","-0.15695860201900211","-0.0038668325506246246","0.00060693263138761322","","",""
"data","43","10/08/2025","0.00046706020033785274","valid","-19714105440.884872","3.8864595333432653E+20","-0.15695860201900116","-0.0038668325506245548","0.00060693263138759869","","",""
"data","44","10/09/2025","0.00017600907012820243","valid","-19714105440.885162","3.8864595333433793E+20","-0.15695860201900347","-0.0038668325506247252","0.00060693263138763426","","",""
"data","45","10/10/2025","0.0003623254131525755","valid","-19714105440.884975","3.8864595333433059E+20","-0.156958602019002","-0.0038668325506246164","0.0006069326313876116","","",""
"data","46","10/11/2025","-126000000000","valid","-145714105440.88535","2.1232600524437452E+22","-1.160137970907805","-1.5614530272084342","1.8115009466534424","","",""
"data","47","10/12/2025","-143000000000","valid","-162714105440.88535","2.6475880109427552E+22","-1.2954875682975637","-2.1742012913418236","2.8166507439098418","","",""
"data","48","10/13/2025","26881264057","valid","7167158616.1146622","5.1368162628546642E+19","0.057063060771744709","0.00018580833360198654","1.0602792232226772E-05","","",""
"data","49","10/14/2025","67339628004","valid","47625522563.114662","2.2681903994097437E+21","0.37918207672908472","0.054518437750113974","0.020672414446113545","","",""
"data","50","10/15/2025","-52580721676","valid","-72294827116.885345","5.2265420278603406E+21","-0.57559269080192033","-0.19069785635947359","0.1097642922721075","","",""
"data","51","10/16/2025","74326574880","valid","54612469439.114662","2.9825218182382328E+21","0.43481033829674548","0.082205255728670559","0.035743695053153716","","",""
"data","52","10/17/2025","0.00017218211327086794","valid","-19714105440.885166","3.8864595333433813E+20","-0.1569586020190035","-0.003866832550624727","0.00060693263138763469","","",""
"data","53","10/18/2025","0.0001978736991683642","valid","-19714105440.885139","3.8864595333433708E+20","-0.1569586020190033","-0.0038668325506247127","0.00060693263138763176","","",""
"data","54","10/19/2025","8842229311","valid","-10871876129.885338","1.181976905835706E+20","-0.086559062179488763","-0.00064854128440796981","5.613712536303497E-05","","",""
"data","55","10/20/2025","-8616005237","valid","-28330110677.885338","8.025951710212328E+20","-0.22555700436818152","-0.011475429632589993","0.0025883635317648607","","",""
"data","56","10/21/2025","","missing_or_non_numeric","","","","","","","",""
"data","57","10/22/2025","","missing_or_non_numeric","","","","","","","",""
"data","58","10/23/2025","72814958085","valid","53100852644.114662","2.8197005515319793E+21","0.42277523684904855","0.075566381159079071","0.031947594692355134","","",""
"data","59","10/24/2025","0.00082254502922296524","valid","-19714105440.884514","3.8864595333431237E+20","-0.15695860201899831","-0.0038668325506243436","0.00060693263138755446","","",""
"data","60","10/25/2025","","missing_or_non_numeric","","","","","","","",""
"data","61","10/26/2025","","missing_or_non_numeric","","","","","","","",""
"data","62","10/27/2025","","missing_or_non_numeric","","","","","","","",""
"data","63","10/28/2025","0.00023010182485450059","valid","-19714105440.885109","3.8864595333433583E+20","-0.15695860201900305","-0.0038668325506246944","0.00060693263138762786","","",""
"data","64","10/29/2025","","missing_or_non_numeric","","","","","","","",""
"data","65","10/30/2025","-205000000000","valid","-224714105440.88535","5.0496429184097337E+22","-1.7891155117190369","-5.7268412336607639","10.245980484294659","","",""
"data","66","10/31/2025","","missing_or_non_numeric","","","","","","","",""
"data","67","11/01/2025","-45321420766","valid","-65035526206.885338","4.22961966900647E+21","-0.517796016949002","-0.13882769600750275","0.071884428034891784","","",""
"data","68","11/02/2025","-57929161509","valid","-77643266949.885345","6.0284769026511575E+21","-0.61817558362897318","-0.2362302679692474","0.14603178377271822","","",""
"data","69","11/03/2025","37264211902","valid","17550106461.114662","3.0800623679645863E+20","0.13972940256819255","0.0027281196048432165","0.00038119852251931619","","",""
"data","70","11/04/2025","-0.00023052208125591279","valid","-19714105440.885567","3.8864595333435392E+20","-0.15695860201900669","-0.0038668325506249629","0.00060693263138768413","","",""
"data","71","11/05/2025","189000000000","valid","169285894559.11465","2.8657714096679684E+22","1.3478104513141953","2.4484230482633587","3.300010173687915","","",""
"data","72","11/06/2025","","missing_or_non_numeric","","","","","","","",""
"data","73","11/07/2025","33469052141","valid","13754946700.114662","1.8919855872299522E+20","0.10951332341047706","0.0013134116863828911","0.00014383607878194963","","",""
"data","74","11/08/2025","","missing_or_non_numeric","","","","","","","",""
"data","75","11/09/2025","","missing_or_non_numeric","","","","","","","",""
"data","76","11/10/2025","0.00010037605534307659","valid","-19714105440.885239","3.8864595333434094E+20","-0.15695860201900408","-0.0038668325506247703","0.0006069326313876438","","",""
"data","77","11/11/2025","0.00011988163460046053","valid","-19714105440.88522","3.8864595333434022E+20","-0.15695860201900394","-0.00386683255062476","0.00060693263138764163","","",""
"data","78","11/12/2025","","missing_or_non_numeric","","","","","","","",""
"data","79","11/13/2025","165000000000","valid","145285894559.11465","2.1107991157842182E+22","1.1567286667639476","1.5477274886257064","1.7903007544319263","","",""
"data","80","11/14/2025","","missing_or_non_numeric","","","","","","","",""
"data","81","11/15/2025","","missing_or_non_numeric","","","","","","","",""
"data","82","11/16/2025","","missing_or_non_numeric","","","","","","","",""
"data","83","11/17/2025","64512402917","valid","44798297476.114662","2.0068874567584614E+21","0.35667244277286853","0.0453741673533255","0.016183715108695547","","",""
"data","84","11/18/2025","-51852124064","valid","-71566229504.885345","5.1217252055459215E+21","-0.56979178530525321","-0.18499012726224756","0.10540585487660203","","",""
"data","85","11/19/2025","-67583252935","valid","-87297358375.885345","7.6208287794077589E+21","-0.695038959374445","-0.33575883322026456","0.23336547004219055","","",""
"data","86","11/20/2025","","missing_or_non_numeric","","","","","","","",""
"data","87","11/21/2025","","missing_or_non_numeric","","","","","","","",""
"data","88","11/22/2025","-257000000000","valid","-276714105440.88531","7.6570696149949391E+22","-2.2031260449112398","-10.693454698894197","23.559028557212283","","",""
"data","89","11/23/2025","30728863997","valid","11014758556.114662","1.2132490604950115E+20","0.087696655053854114","0.000674448955091173","5.9146917366062948E-05","","",""
"data","90","11/24/2025","-0.00014586405207713446","valid","-19714105440.885483","3.8864595333435058E+20","-0.15695860201900602","-0.0038668325506249139","0.00060693263138767383","","",""
"data","91","11/25/2025","404000000000","valid","384285894559.11469","1.4767564875709902E+23","3.0595847712434971","28.640953474744204","87.6294250852209","","",""
"data","92","11/26/2025","-3147189273","valid","-22861294713.885338","5.2263879599512171E+20","-0.18201570796076472","-0.0060301290662010442","0.0010975782110793681","","",""
"data","93","11/27/2025","50962042426","valid","31247936985.114662","9.7643356582569679E+20","0.24878798177622477","0.015398846543732778","0.0038310479532970721","","",""
"data","94","11/28/2025","0.000263969085234053","valid","-19714105440.885075","3.8864595333433452E+20","-0.15695860201900277","-0.0038668325506246736","0.00060693263138762352","","",""
"data","95","11/29/2025","0.00027305176869655651","valid","-19714105440.885063","3.8864595333433406E+20","-0.15695860201900269","-0.0038668325506246676","0.00060693263138762233","","",""
"data","96","11/30/2025","","missing_or_non_numeric","","","","","","","",""
"data","97","12/01/2025","44007058023","valid","24292952582.114662","5.9014754515687145E+20","0.19341419714104233","0.0072354416917977","0.0013994371457798772","","",""
"data","98","12/02/2025","0.00039447690360248087","valid","-19714105440.884945","3.8864595333432941E+20","-0.15695860201900175","-0.0038668325506245977","0.00060693263138760769","","",""
"data","99","12/03/2025","-5159197220","valid","-24873302660.885338","6.1868118526000562E+20","-0.19803479417084974","-0.0077664849311808917","0.001538034244777414","","",""
"data","100","12/04/2025","","missing_or_non_numeric","","","","","","","",""
"data","101","12/05/2025","-0.0001481961558705994","valid","-19714105440.885487","3.8864595333435077E+20","-0.15695860201900605","-0.0038668325506249161","0.00060693263138767426","","",""
"data","102","12/06/2025","23457145289","valid","3743039848.1146622","1.4010347304574233E+19","0.029801113909184898","2.6466559698666009E-05","7.88732960364188E-07","","",""
"data","103","12/07/2025","-1229405565","valid","-20943511005.885338","4.3863065325364026E+20","-0.16674681073968009","-0.0046363115144317391","0.00077309015862714878","","",""
"data","104","12/08/2025","","missing_or_non_numeric","","","","","","","",""
"data","105","12/09/2025","","missing_or_non_numeric","","","","","","","",""
"data","106","12/10/2025","0.00033483316656202078","valid","-19714105440.885002","3.8864595333433164E+20","-0.15695860201900219","-0.0038668325506246307","0.00060693263138761452","","",""
"data","107","12/11/2025","","missing_or_non_numeric","","","","","","","",""
"data","108","12/12/2025","-540000000000","valid","-559714105440.88538","3.1327987982949057E+23","-4.4562987543995769","-88.495848153889852","394.36393789771341","","",""
"data","109","12/13/2025","","missing_or_non_numeric","","","","","","","",""
"data","110","12/14/2025","","missing_or_non_numeric","","","","","","","",""
"data","111","12/15/2025","54382351664","valid","34668246223.114662","1.2018872961865039E+21","0.27601959814750554","0.021029055043485029","0.005804431322524512","","",""
"data","112","12/16/2025","-45773448073","valid","-65487553513.885338","4.2886196652339956E+21","-0.52139494130262709","-0.14174261464258422","0.073903882241651092","","",""
"data","113","12/17/2025","46365172602","valid","26651067161.114662","7.1027938082624438E+20","0.21218889472142882","0.0095536197530729228","0.0020271720159933532","","",""
"data","114","12/18/2025","0.00015407480532303452","valid","-19714105440.885185","3.8864595333433885E+20","-0.15695860201900366","-0.0038668325506247395","0.00060693263138763729","","",""
"data","115","12/19/2025","","missing_or_non_numeric","","","","","","","",""
"data","116","12/20/2025","","missing_or_non_numeric","","","","","","","",""
"data","117","12/21/2025","-175000000000","valid","-194714105440.88535","3.7913582857644218E+22","-1.5502632810312273","-3.7257729203744123","5.7759289519169341","","",""
"data","118","12/22/2025","","missing_or_non_numeric","","","","","","","",""
"data","119","12/23/2025","-44927788743","valid","-64641894183.885338","4.1785744836806291E+21","-0.51466202072354517","-0.136322129785936","0.070159822784967213","","",""
"data","120","12/24/2025","9368581232","valid","-10345524208.885338","1.070298711566326E+20","-0.082368384497566643","-0.00055883248603327991","4.6030129079320235E-05","","",""
"data","121","12/25/2025","65469594362","valid","45755488921.114662","2.0935647664102467E+21","0.36429335316731981","0.048345242362256652","0.017611850449833232","","",""
"data","122","12/26/2025","-4142438411","valid","-23856543851.885338","5.6913468455692809E+20","-0.18993962385081206","-0.0068524633406321107","0.0013015543093711423","","",""
"data","123","12/27/2025","-98268082365","valid","-117982187805.88535","1.39197966394632E+22","-0.93934362462879328","-0.82884529481995073","0.77857054349269328","","",""
"data","124","12/28/2025","140000000000","valid","120285894559.11465","1.4468696429886448E+22","0.957685141190773","0.87835129864527628","0.84118398745820022","","",""
"data","125","12/29/2025","121000000000","valid","101285894559.11465","1.0258832436640092E+22","0.80641206175516023","0.524410097085136","0.42289062759564822","","",""
"data","126","12/30/2025","0.00018332512117922307","valid","-19714105440.885155","3.8864595333433767E+20","-0.15695860201900341","-0.0038668325506247209","0.0006069326313876335","","",""
"data","127","12/31/2025","","missing_or_non_numeric","","","","","","","",""
"data","128","01/01/2026","","missing_or_non_numeric","","","","","","","",""
"data","129","01/02/2026","-431000000000","valid","-450714105440.88531","2.031432048433775E+23","-3.5884689829005354","-46.209108536996318","165.81995271249565","","",""
"data","130","01/03/2026","0.00025067335809580982","valid","-19714105440.885086","3.88645953334335E+20","-0.15695860201900286","-0.00386683255062468","0.00060693263138762482","","",""
"data","131","01/04/2026","0.00011544096667100402","valid","-19714105440.885223","3.8864595333434035E+20","-0.15695860201900397","-0.0038668325506247621","0.00060693263138764206","","",""
"data","132","01/05/2026","-41726085608","valid","-61440191048.885338","3.77489707612353E+21","-0.48917088953038174","-0.11705280167231451","0.057258823116069446","","",""
"data","133","01/06/2026","-0.00052258949726819988","valid","-19714105440.88586","3.8864595333436545E+20","-0.15695860201900905","-0.0038668325506251372","0.00060693263138772056","","",""
"data","134","01/07/2026","-55634222614","valid","-75348328054.885345","5.6773705406666223E+21","-0.59990387448354088","-0.21589620107354279","0.1295169675102959","","",""
"data","135","01/08/2026","0.0001407339484156931","valid","-19714105440.885197","3.8864595333433931E+20","-0.15695860201900375","-0.0038668325506247456","0.00060693263138763859","","",""
"data","136","01/09/2026","","missing_or_non_numeric","","","","","","","",""
"data","137","01/10/2026","303000000000","valid","283285894559.11469","8.0250898056157839E+22","2.2554489279278718","11.473581167692718","25.878076344165958","","",""
"data","138","01/11/2026","","missing_or_non_numeric","","","","","","","",""
"data","139","01/12/2026","135000000000","valid","115285894559.11465","1.3290837484295302E+22","0.91787643607613811","0.77330828319378686","0.70980145096607006","","",""
"data","140","01/13/2026","76210079715","valid","56495974274.114662","3.191795109181426E+21","0.44980631600844628","0.09100738761107495","0.040935697750890336","","",""
"data","141","01/14/2026","0.00010074088349938392","valid","-19714105440.885239","3.8864595333434094E+20","-0.15695860201900408","-0.0038668325506247703","0.0006069326313876438","","",""
"data","142","01/15/2026","","missing_or_non_numeric","","","","","","","",""
"data","143","01/16/2026","82632960667","valid","62918855226.114662","3.9587823429647765E+21","0.500943630769361","0.12570905957580975","0.062973152724508041","","",""
"data","144","01/17/2026","0.00036400004423090389","valid","-19714105440.884975","3.8864595333433059E+20","-0.156958602019002","-0.0038668325506246164","0.0006069326313876116","","",""
"data","145","01/18/2026","-0.00019753378971169391","valid","-19714105440.885536","3.8864595333435267E+20","-0.15695860201900647","-0.0038668325506249468","0.00060693263138768066","","",""
"data","146","01/19/2026","49162365030","valid","29448259589.114662","8.6719999282788368E+20","0.23445941642445717","0.01288851968072139","0.0030218348029170685","","",""
"data","147","01/20/2026","16150278194","valid","-3563827246.8853378","1.2700864645642326E+19","-0.028374269590151931","-2.2844101031863933E-05","6.4818468122277518E-07","","",""
"data","148","01/21/2026","-7215099079","valid","-26929204519.885338","7.251820560738129E+20","-0.21440335234076188","-0.0098558642859923728","0.0021131303431323541","","",""
"data","149","01/22/2026","","missing_or_non_numeric","","","","","","","",""
"data","150","01/23/2026","","missing_or_non_numeric","","","","","","","",""
"data","151","01/24/2026","","missing_or_non_numeric","","","","","","","",""
"data","152","01/25/2026","88455897640","valid","68741792199.114655","4.72543399474626E+21","0.54730434694121333","0.16394066506099775","0.089725438628317555","","",""
"data","153","01/26/2026","94044968137","valid","74330862696.114655","5.52507714914865E+21","0.59180307879720917","0.20726771548477629","0.12266167215915459","","",""
"data","154","01/27/2026","","missing_or_non_numeric","","","","","","","",""
"data","155","01/28/2026","","missing_or_non_numeric","","","","","","","",""
"data","156","01/29/2026","","missing_or_non_numeric","","","","","","","",""
"data","157","01/30/2026","34735195056","valid","15021089615.114662","2.2563313322530554E+20","0.11959402539772092","0.0017105211638066566","0.00020456811150763244","","",""
"data","158","01/31/2026","9639691728","valid","-10074413712.885338","1.0149381165837214E+20","-0.08020987293981735","-0.00051604014088490145","4.1391514132223391E-05","","",""
"data","159","02/01/2026","-29435193937","valid","-49149299377.885338","2.415653629337E+21","-0.39131399310502946","-0.059920597418656046","0.023447768245133217","","",""
"data","160","02/02/2026","84556709044","valid","64842603603.114662","4.2045632420306585E+21","0.51626001714031111","0.13759589404730921","0.0710352586193003","","",""
"data","161","02/03/2026","231000000000","valid","211285894559.11465","4.4641729239645315E+22","1.6822035742771286","4.7603145877468442","8.0078182141912979","","",""
"data","162","02/04/2026","-39836267076","valid","-59550372516.885338","3.5462468668998125E+21","-0.47412464379826968","-0.1065804595042973","0.050532422398330869","","",""
"data","163","02/05/2026","404000000000","valid","384285894559.11469","1.4767564875709902E+23","3.0595847712434971","28.640953474744204","87.6294250852209","","",""
"data","164","02/06/2026","0.00011535127802441518","valid","-19714105440.885223","3.8864595333434035E+20","-0.15695860201900397","-0.0038668325506247621","0.00060693263138764206","","",""
"data","165","02/07/2026","","missing_or_non_numeric","","","","","","","",""
"data","166","02/08/2026","-30659582990","valid","-50373688430.885338","2.5375084861319115E+21","-0.40106226165632225","-0.064511240873482339","0.025873024166974606","","",""
"data","167","02/09/2026","","missing_or_non_numeric","","","","","","","",""
"data","168","02/10/2026","-250931744","valid","-19965037184.885338","3.9860270979385426E+20","-0.1589564555791643","-0.0040163773648556039","0.00063842911018583077","","",""
"data","169","02/11/2026","","missing_or_non_numeric","","","","","","","",""
"data","170","02/12/2026","-39691779724","valid","-59405885164.885338","3.5290591922235439E+21","-0.47297427292055721","-0.10580655025792444","0.050043776178474206","","",""
"data","171","02/13/2026","","missing_or_non_numeric","","","","","","","",""
"data","172","02/14/2026","","missing_or_non_numeric","","","","","","","",""
"data","173","02/15/2026","50967739969","valid","31253634528.114662","9.76789671216961E+20","0.24883334413805777","0.015407271252392142","0.0038338428297748982","","",""
"data","174","02/16/2026","6455344555","valid","-13258760885.885338","1.7579474022908294E+20","-0.10556282045833303","-0.0011763402465057591","0.00012417779423979866","","",""
"data","175","02/17/2026","","missing_or_non_numeric","","","","","","","",""
"data","176","02/18/2026","","missing_or_non_numeric","","","","","","","",""
"data","177","02/19/2026","-497000000000","valid","-516714105440.88531","2.6699346676157433E+23","-4.113943890413716","-69.626584619285708","286.43986240488408","","",""
"data","178","02/20/2026","0.00011017441749572754","valid","-19714105440.885227","3.8864595333434055E+20","-0.156958602019004","-0.0038668325506247643","0.0006069326313876425","","",""
"data","179","02/21/2026","-337000000000","valid","-356714105440.88531","1.2724495302049104E+23","-2.8400653267453988","-22.907884734553157","65.059889143684643","","",""
"data","180","02/22/2026","","missing_or_non_numeric","","","","","","","",""
"data","181","02/23/2026","34834465623","valid","15120360182.114662","2.2862529203687853E+20","0.12038439194337405","0.0017446589813302305","0.00021002971061598617","","",""
"data","182","02/24/2026","","missing_or_non_numeric","","","","","","","",""
"data","183","02/25/2026","","missing_or_non_numeric","","","","","","","",""
"data","184","02/26/2026","17825547340","valid","-1888558100.8853378","3.5666517004196337E+18","-0.015036210505999873","-3.3995011430626714E-06","5.1115614802477521E-08","","",""
"data","185","02/27/2026","-243000000000","valid","-262714105440.88535","6.9018701197604622E+22","-2.0916616705902622","-9.1511213469092674","19.141049764250447","","",""
"data","186","02/28/2026","0.00022873567003342841","valid","-19714105440.885109","3.8864595333433583E+20","-0.15695860201900305","-0.0038668325506246944","0.00060693263138762786","","",""
"data","187","03/01/2026","-0.00030329408279309672","valid","-19714105440.885643","3.8864595333435693E+20","-0.1569586020190073","-0.003866832550625008","0.00060693263138769356","","",""
"data","188","03/02/2026","","missing_or_non_numeric","","","","","","","",""
"data","189","03/03/2026","-66369457636","valid","-86083563076.885345","7.4103798320120977E+21","-0.68537503554896073","-0.32194734225830013","0.22065467114517587","","",""
"data","190","03/04/2026","-73884031735","valid","-93598137175.885345","8.76061128279585E+21","-0.74520412842279371","-0.413833607270992","0.3083905126184403","","",""
"data","191","03/05/2026","","missing_or_non_numeric","","","","","","","",""
"data","192","03/06/2026","0.00070203198119997976","valid","-19714105440.884636","3.8864595333431722E+20","-0.15695860201899928","-0.0038668325506244152","0.00060693263138756953","","",""
"data","193","03/07/2026","-0.00013801385648548603","valid","-19714105440.885475","3.8864595333435032E+20","-0.15695860201900597","-0.0038668325506249096","0.000606932631387673","","",""
"data","194","03/08/2026","","missing_or_non_numeric","","","","","","","",""
"data","195","03/09/2026","-2423764333","valid","-22137869773.885338","4.9008527812550604E+20","-0.17625598593895825","-0.0054755988773168623","0.00096510707872773645","","",""
"data","196","03/10/2026","-60053352111","valid","-79767457551.885345","6.3628472842918308E+21","-0.63508783908543254","-0.25615414644476625","0.16268038333838003","","",""
"data","197","03/11/2026","-412000000000","valid","-431714105440.88531","1.8637706883662384E+23","-3.4371959034649224","-40.608117453399167","139.57805495824604","","",""
"data","198","03/12/2026","-0.00023279273591469973","valid","-19714105440.885571","3.8864595333435405E+20","-0.15695860201900672","-0.0038668325506249651","0.00060693263138768456","","",""
"data","199","03/13/2026","9594069221","valid","-10120036219.885338","1.0241513309179111E+20","-0.080573107525368032","-0.0005230826812620662","4.2146397121986275E-05","","",""
"data","200","03/14/2026","71111321449","valid","51397216008.114662","2.6416738133847981E+21","0.409211323156046","0.068524034850760168","0.028040810969270576","","",""
"data","201","03/15/2026","61963347252","valid","42249241811.114662","1.7849984336140394E+21","0.33637752171511359","0.038061061791280333","0.01280288563919668","","",""
"data","202","03/16/2026","392000000000","valid","372285894559.11469","1.3859678728768026E+23","2.9640438789683734","26.040773830296423","77.185996275289924","","",""
"data","203","03/17/2026","0.00015805205718303719","valid","-19714105440.885181","3.8864595333433872E+20","-0.15695860201900363","-0.0038668325506247374","0.00060693263138763686","","",""
"data","204","03/18/2026","-0.00012285346523500406","valid","-19714105440.88546","3.8864595333434966E+20","-0.15695860201900586","-0.0038668325506249013","0.00060693263138767123","","",""
"data","205","03/19/2026","0.00066384269545475638","valid","-19714105440.884674","3.8864595333431873E+20","-0.15695860201899958","-0.0038668325506244377","0.00060693263138757419","","",""
"data","206","03/20/2026","-93092391035","valid","-112806496475.88535","1.2725305647163932E+22","-0.89813611064472476","-0.72448012241690141","0.65068175938692985","","",""
"data","207","03/21/2026","-931540368","valid","-20645645808.885338","4.2624269086594472E+20","-0.16437528518142297","-0.0044412943563453926","0.00073003902639891824","","",""
"data","208","03/22/2026","0.00012137597271551688","valid","-19714105440.885216","3.8864595333434009E+20","-0.15695860201900391","-0.0038668325506247578","0.00060693263138764119","","",""
"data","209","03/23/2026","29470578864","valid","9756473423.1146622","9.5188773655942726E+19","0.077678514691908881","0.00046870840148628961","3.6408572451073876E-05","","",""
"data","210","03/24/2026","231000000000","valid","211285894559.11465","4.4641729239645315E+22","1.6822035742771286","4.7603145877468442","8.0078182141912979","","",""
"data","211","03/25/2026","","missing_or_non_numeric","","","","","","","",""
"data","212","03/26/2026","56591821790","valid","36877716349.114662","1.3599659631257589E+21","0.29361082708861136","0.025311401875550709","0.007431701639452672","","",""
"data","213","03/27/2026","-0.00012986171059310437","valid","-19714105440.885468","3.8864595333435E+20","-0.15695860201900591","-0.0038668325506249056","0.00060693263138767209","","",""
"data","214","03/28/2026","-0.00011603727471083402","valid","-19714105440.885452","3.886459533343494E+20","-0.15695860201900577","-0.0038668325506248952","0.00060693263138766993","","",""
"data","215","03/29/2026","0.00031370995566248894","valid","-19714105440.885025","3.8864595333433256E+20","-0.15695860201900239","-0.003866832550624645","0.00060693263138761756","","",""
"data","216","03/30/2026","7765942428","valid","-11948163012.885338","1.4275859938248124E+20","-0.095128179608308078","-0.00086085014755434973","8.18911074523887E-05","","",""
"data","217","03/31/2026","","missing_or_non_numeric","","","","","","","",""
"data","218","04/01/2026","-5462611928","valid","-25176717368.885338","6.3386709747273263E+20","-0.20045050349849275","-0.00805418228329164","0.0016144648939544492","","",""
"data","219","04/02/2026","","missing_or_non_numeric","","","","","","","",""
"data","220","04/03/2026","0.00040110275149345397","valid","-19714105440.884937","3.8864595333432908E+20","-0.15695860201900169","-0.0038668325506245938","0.00060693263138760683","","",""
"data","221","04/04/2026","402000000000","valid","382285894559.11469","1.4614250517886255E+23","3.0436612891976433","28.196094813778476","85.819362291243976","","",""
"data","222","04/05/2026","0.00012533013708889484","valid","-19714105440.885212","3.886459533343399E+20","-0.15695860201900388","-0.003866832550624756","0.00060693263138764076","","",""
"data","223","04/06/2026","94964769424","valid","75250663983.114655","5.6626624298996287E+21","0.59912629843685816","0.21505777568282144","0.128846769094913","","",""
"data","224","04/07/2026","-0.00083492841804400086","valid","-19714105440.886173","3.8864595333437784E+20","-0.15695860201901152","-0.00386683255062532","0.00060693263138775883","","",""
"data","225","04/08/2026","49603254107","valid","29889148666.114662","8.9336120798510383E+20","0.23796966107536849","0.01347611710303314","0.003206907019620773","","",""
"data","226","04/09/2026","154000000000","valid","134285894559.11465","1.8032701477541659E+22","1.0691495155117507","1.2221241621826404","1.3066334558927744","","",""
"data","227","04/10/2026","0.00025850886595435441","valid","-19714105440.885078","3.8864595333433465E+20","-0.1569586020190028","-0.0038668325506246758","0.000606932631387624","","",""
"data","228","04/11/2026","0.0004720385477412492","valid","-19714105440.884865","3.886459533343262E+20","-0.15695860201900111","-0.0038668325506245509","0.00060693263138759783","","",""
"data","229","04/12/2026","0.00050454445321250843","valid","-19714105440.884834","3.88645953334325E+20","-0.15695860201900086","-0.0038668325506245322","0.00060693263138759392","","",""
"data","230","04/13/2026","87948451782","valid","68234346341.114662","4.655926020599188E+21","0.54326419443666041","0.16033681311688797","0.08710524961648751","","",""
"data","231","04/14/2026","0.00026108169307311374","valid","-19714105440.885078","3.8864595333433465E+20","-0.1569586020190028","-0.0038668325506246758","0.000606932631387624","","",""
"data","232","04/15/2026","0.00084449904149069507","valid","-19714105440.884495","3.8864595333431165E+20","-0.15695860201899817","-0.0038668325506243332","0.00060693263138755229","","",""
"data","233","04/16/2026","0.00063894412897784133","valid","-19714105440.8847","3.8864595333431978E+20","-0.1569586020189998","-0.0038668325506244542","0.00060693263138757766","","",""
"data","234","04/17/2026","0.00043212024208444817","valid","-19714105440.884907","3.886459533343279E+20","-0.15695860201900144","-0.0038668325506245752","0.00060693263138760292","","",""
"data","235","04/18/2026","0.00013263220898807049","valid","-19714105440.885204","3.8864595333433963E+20","-0.1569586020190038","-0.0038668325506247495","0.00060693263138763946","","",""
"data","236","04/19/2026","8036221940","valid","-11677883500.885338","1.3637296306025E+20","-0.092976284129960993","-0.00080374180122821427","7.4728926078121083E-05","","",""
"data","237","04/20/2026","0.00031023547053337096","valid","-19714105440.885029","3.8864595333433269E+20","-0.15695860201900241","-0.0038668325506246472","0.000606932631387618","","",""
"data","238","04/21/2026","0.00038963549125653046","valid","-19714105440.884949","3.8864595333432954E+20","-0.15695860201900177","-0.0038668325506246","0.00060693263138760813","","",""
"data","239","04/22/2026","","missing_or_non_numeric","","","","","","","",""
"data","240","04/23/2026","0.00031063973437994719","valid","-19714105440.885029","3.8864595333433269E+20","-0.15695860201900241","-0.0038668325506246472","0.000606932631387618","","",""
"data","241","04/24/2026","0.00010293888238569101","valid","-19714105440.885235","3.8864595333434081E+20","-0.15695860201900405","-0.0038668325506247682","0.00060693263138764336","","",""
"data","242","04/25/2026","86549273692","valid","66835168251.114662","4.4669397151548053E+21","0.53212430083912676","0.15067433302331454","0.080177474114433","","",""
"data","243","04/26/2026","0.00018863842405121903","valid","-19714105440.885151","3.8864595333433754E+20","-0.15695860201900338","-0.0038668325506247187","0.00060693263138763306","","",""
"data","244","04/27/2026","32409958434","valid","12695852993.114662","1.6118468322277851E+20","0.10108109359633136","0.0010327847004417377","0.00010439500697021033","","",""
"data","245","04/28/2026","0.00023466669793786673","valid","-19714105440.8851","3.8864595333433557E+20","-0.156958602019003","-0.00386683255062469","0.000606932631387627","","",""
"data","246","04/29/2026","-46005647164","valid","-65719752604.885338","4.3190858824473332E+21","-0.52324365033092823","-0.14325569645301384","0.074957633542774377","","",""
"data","247","04/30/2026","","missing_or_non_numeric","","","","","","","",""
"data","248","05/01/2026","0.00028726844383137565","valid","-19714105440.885052","3.886459533343336E+20","-0.15695860201900261","-0.0038668325506246615","0.000606932631387621","","",""
"data","249","05/02/2026","0.0003103730734437704","valid","-19714105440.885029","3.8864595333433269E+20","-0.15695860201900241","-0.0038668325506246472","0.000606932631387618","","",""
"data","250","05/03/2026","295000000000","valid","275285894559.11469","7.5782323743212016E+22","2.1917549997444561","10.528730703986955","23.076398161426379","","",""
"data","251","05/04/2026","-191000000000","valid","-210714105440.88535","4.4400434231752547E+22","-1.6776511373980592","-4.7217715040816408","7.9214853343563094","","",""
"data","252","05/06/2026","0.00026429790121160055","valid","-19714105440.885075","3.8864595333433452E+20","-0.15695860201900277","-0.0038668325506246736","0.00060693263138762352","","",""
"data","253","05/07/2026","0.00012561451488484938","valid","-19714105440.885212","3.886459533343399E+20","-0.15695860201900388","-0.003866832550624756","0.00060693263138764076","","",""
"data","254","05/08/2026","0.00048531113385126508","valid","-19714105440.884853","3.8864595333432581E+20","-0.15695860201900103","-0.0038668325506245444","0.00060693263138759653","","",""
"data","255","05/09/2026","542000000000","valid","522285894559.11469","2.7278255565541466E+23","4.1583050324074211","71.903334555601049","298.99599792943025","","",""
"data","256","05/10/2026","59254392160","valid","39540286719.114662","1.5634342738297954E+21","0.31480952282987024","0.031199208987537776","0.0098218080940361673","","",""
"data","257","05/11/2026","0.00019468766016264756","valid","-19714105440.885143","3.8864595333433721E+20","-0.15695860201900333","-0.0038668325506247148","0.0006069326313876322","","",""
"data","258","05/12/2026","0.00011805422448863586","valid","-19714105440.88522","3.8864595333434022E+20","-0.15695860201900394","-0.00386683255062476","0.00060693263138764163","","",""
"data","259","05/13/2026","0.00047820673968929512","valid","-19714105440.884861","3.8864595333432607E+20","-0.15695860201900108","-0.0038668325506245487","0.00060693263138759739","","",""
"data","260","05/14/2026","0.00025111106224358083","valid","-19714105440.885086","3.88645953334335E+20","-0.15695860201900286","-0.00386683255062468","0.00060693263138762482","","",""
"data","261","05/15/2026","0.00069386768154799938","valid","-19714105440.884644","3.8864595333431748E+20","-0.15695860201899933","-0.0038668325506244195","0.00060693263138757029","","",""
"data","262","05/16/2026","84718496635","valid","65004391194.114662","4.2255708745174918E+21","0.51754812804057637","0.13862840494137993","0.071746871470662166","","",""
"data","263","05/17/2026","0.00014837891794741153","valid","-19714105440.885189","3.8864595333433904E+20","-0.15695860201900369","-0.0038668325506247417","0.00060693263138763773","","",""
"data","264","05/18/2026","0.0002968983192528997","valid","-19714105440.88504","3.8864595333433315E+20","-0.1569586020190025","-0.0038668325506246532","0.00060693263138761929","","",""
"data","265","05/19/2026","35175335749","valid","15461230308.114662","2.390496426405634E+20","0.12309831160903853","0.0018653326363982725","0.00022961929812986392","","",""
"data","266","05/20/2026","49880797243","valid","30166691802.114662","9.10029294283772E+20","0.24017938764689148","0.013855021360703587","0.0033276905462483884","","",""
"data","267","05/21/2026","0.000107176648452878","valid","-19714105440.885231","3.8864595333434068E+20","-0.15695860201900402","-0.003866832550624766","0.00060693263138764293","","",""
"data","268","05/22/2026","0.00057291220873594288","valid","-19714105440.884766","3.8864595333432233E+20","-0.1569586020190003","-0.003866832550624491","0.00060693263138758536","","",""
"data","269","05/23/2026","0.00077975784929899068","valid","-19714105440.88456","3.8864595333431421E+20","-0.15695860201899867","-0.00386683255062437","0.00060693263138756","","",""
"data","270","05/24/2026","0.00025809632747301033","valid","-19714105440.885078","3.8864595333433465E+20","-0.1569586020190028","-0.0038668325506246758","0.000606932631387624","","",""
"data","271","05/25/2026","-92549474599","valid","-112263580039.88535","1.2603111403371744E+22","-0.8938135505842022","-0.71407002597306235","0.63824546528073633","","",""
"data","272","05/26/2026","222000000000","valid","202285894559.11465","4.0919583137581249E+22","1.6105479050707858","4.1775431243322716","6.7281333272362049","","",""
"data","273","05/27/2026","0.00012556077518428749","valid","-19714105440.885212","3.886459533343399E+20","-0.15695860201900388","-0.003866832550624756","0.00060693263138764076","","",""
"data","274","05/28/2026","0.00012434038799256087","valid","-19714105440.885212","3.886459533343399E+20","-0.15695860201900388","-0.003866832550624756","0.00060693263138764076","","",""
"data","275","05/29/2026","0.00015587531961500645","valid","-19714105440.885181","3.8864595333433872E+20","-0.15695860201900363","-0.0038668325506247374","0.00060693263138763686","","",""
"data","276","05/30/2026","0.00063512902706861494","valid","-19714105440.884705","3.8864595333431991E+20","-0.15695860201899983","-0.0038668325506244564","0.00060693263138757809","","",""
"data","277","05/31/2026","-24251958045","valid","-43966063485.885338","1.9330147384449E+21","-0.3500464112721855","-0.042892058404334639","0.015014211116514322","","",""
"data","278","06/01/2026","37452784212","valid","17738678771.114662","3.14660724544794E+20","0.14123076646450763","0.0028170071426188354","0.00039784807788805068","","",""
"data","279","06/02/2026","63448934816","valid","43734829375.114662","1.9127353004703922E+21","0.34820538516656258","0.042218854943419537","0.014700832646864634","","",""
"data","280","06/03/2026","59493677691","valid","39779572250.114662","1.5824143684020926E+21","0.31671465225822582","0.031769067482686979","0.010061729160347315","","",""
"data","281","06/04/2026","0.00023684605645636717","valid","-19714105440.8851","3.8864595333433557E+20","-0.156958602019003","-0.00386683255062469","0.000606932631387627","","",""
"data","282","06/05/2026","38141854263","valid","18427748822.114662","3.3958192665094829E+20","0.14671696375722473","0.0031582099151117051","0.00046336296965315187","","",""
"data","283","06/06/2026","8758513104","valid","-10955592336.885338","1.2002500345202074E+20","-0.087225588939044515","-0.00066363874190560664","5.7886280105483107E-05","","",""
"data","284","06/07/2026","0.00022918833419680596","valid","-19714105440.885109","3.8864595333433583E+20","-0.15695860201900305","-0.0038668325506246944","0.00060693263138762786","","",""
"data","285","06/08/2026","0.00052584335207939148","valid","-19714105440.884811","3.886459533343241E+20","-0.15695860201900069","-0.00386683255062452","0.00060693263138759143","","",""
"data","286","06/09/2026","0.00025365692563354968","valid","-19714105440.885086","3.88645953334335E+20","-0.15695860201900286","-0.00386683255062468","0.00060693263138762482","","",""
"data","287","06/10/2026","0.00016931100780593939","valid","-19714105440.88517","3.8864595333433826E+20","-0.15695860201900352","-0.0038668325506247291","0.00060693263138763512","","",""
"data","288","06/11/2026","0.00018955627456307411","valid","-19714105440.885147","3.8864595333433734E+20","-0.15695860201900336","-0.003866832550624717","0.00060693263138763263","","",""
"data","289","06/12/2026","","missing_or_non_numeric","","","","","","","",""
"data","290","06/13/2026","0.00014793778037918464","valid","-19714105440.885189","3.8864595333433904E+20","-0.15695860201900369","-0.0038668325506247417","0.00060693263138763773","","",""
"data","291","06/14/2026","45004836284","valid","25290730843.114662","6.3962106657887132E+20","0.20135824925343079","0.00816409932078632","0.0016439087459646569","","",""
"data","292","06/15/2026","0.00024655517190694807","valid","-19714105440.88509","3.8864595333433511E+20","-0.15695860201900291","-0.003866832550624684","0.00060693263138762569","","",""
"data","293","06/16/2026","0.000292302557052328","valid","-19714105440.885044","3.8864595333433328E+20","-0.15695860201900252","-0.0038668325506246554","0.00060693263138761973","","",""
"data","294","06/17/2026","0.00019564054071389395","valid","-19714105440.885143","3.8864595333433721E+20","-0.15695860201900333","-0.0038668325506247148","0.0006069326313876322","","",""
"data","295","06/18/2026","0.00015399265103042126","valid","-19714105440.885185","3.8864595333433885E+20","-0.15695860201900366","-0.0038668325506247395","0.00060693263138763729","","",""
"data","296","06/19/2026","0.0005646908655762672","valid","-19714105440.884773","3.8864595333432259E+20","-0.15695860201900039","-0.0038668325506244976","0.00060693263138758666","","",""
"data","297","06/20/2026","0.000583274611111345","valid","-19714105440.884754","3.8864595333432187E+20","-0.15695860201900022","-0.003866832550624485","0.00060693263138758406","","",""
"data","298","06/21/2026","0.00015547868007650742","valid","-19714105440.885181","3.8864595333433872E+20","-0.15695860201900363","-0.0038668325506247374","0.00060693263138763686","","",""
"data","299","06/22/2026","518000000000","valid","498285894559.11469","2.4828883271657717E+23","3.9672232478571736","62.439572470344473","247.71172349061337","","",""
"data","300","06/23/2026","0.00019105369158621346","valid","-19714105440.885147","3.8864595333433734E+20","-0.15695860201900336","-0.003866832550624717","0.00060693263138763263","","",""
"data","301","06/24/2026","75873780858","valid","56159675417.114662","3.1539091429556727E+21","0.44712879160270597","0.089391846409709888","0.039969668264308277","","",""
"data","302","06/25/2026","472000000000","valid","452285894559.11469","2.045625304171386E+23","3.6009831608025324","46.694235732288554","168.145156578515","","",""
"data","303","06/26/2026","0.00054801302030682564","valid","-19714105440.884789","3.8864595333432325E+20","-0.1569586020190005","-0.0038668325506245058","0.00060693263138758839","","",""
"data","304","06/27/2026","274000000000","valid","254285894559.11465","6.466131617172918E+22","2.0245584382629889","8.2983347721042744","16.800463686394888","","",""
"data","305","06/28/2026","0.00039046578880014092","valid","-19714105440.884949","3.8864595333432954E+20","-0.15695860201900177","-0.0038668325506246","0.00060693263138760813","","",""
"data","306","06/29/2026","0.00027934573590755464","valid","-19714105440.885059","3.8864595333433393E+20","-0.15695860201900266","-0.0038668325506246658","0.0006069326313876219","","",""
"data","307","06/30/2026","79423996309","valid","59709890868.114662","3.565271067482163E+21","0.47539468759916187","0.10743925121424529","0.051076049266884006","","",""
"data","308","07/01/2026","0.0004769633524119854","valid","-19714105440.884861","3.8864595333432607E+20","-0.15695860201900108","-0.0038668325506245487","0.00060693263138759739","","",""
"data","309","07/02/2026","-0.00013513769954442978","valid","-19714105440.885471","3.8864595333435012E+20","-0.15695860201900594","-0.0038668325506249078","0.00060693263138767253","","",""
"data","310","07/03/2026","0.00019557822573309144","valid","-19714105440.885143","3.8864595333433721E+20","-0.15695860201900333","-0.0038668325506247148","0.0006069326313876322","","",""
"data","311","07/04/2026","0.00026682984704772629","valid","-19714105440.885071","3.8864595333433432E+20","-0.15695860201900275","-0.0038668325506246719","0.0006069326313876232","","",""
"data","312","07/05/2026","0.00025881655514240263","valid","-19714105440.885078","3.8864595333433465E+20","-0.1569586020190028","-0.0038668325506246758","0.000606932631387624","","",""
"data","313","07/07/2026","31705948376","valid","11991842935.114662","1.4380429698045944E+20","0.095475947836999545","0.00087032595550939613","8.309519552940189E-05","","",""
"data","314","07/08/2026","-199000000000","valid","-218714105440.88535","4.7835859918806715E+22","-1.7413450655814751","-5.280250408128321","9.1947379932288218","","",""
"data","315","07/09/2026","0.00028109410777688026","valid","-19714105440.885056","3.8864595333433373E+20","-0.15695860201900264","-0.0038668325506246637","0.00060693263138762146","","",""
"data","316","07/10/2026","0.00013876195686558882","valid","-19714105440.8852","3.8864595333433944E+20","-0.15695860201900377","-0.0038668325506247478","0.000606932631387639","","",""
"data","317","07/11/2026","227000000000","valid","207285894559.11465","4.29674420831724E+22","1.6503566101854208","4.4950382432303551","7.4184160777514778","","",""
"data","318","07/12/2026","0.00012271203255901733","valid","-19714105440.885216","3.8864595333434009E+20","-0.15695860201900391","-0.0038668325506247578","0.00060693263138764119","","",""
"data","319","07/13/2026","0.00029210538292924563","valid","-19714105440.885044","3.8864595333433328E+20","-0.15695860201900252","-0.0038668325506246554","0.00060693263138761973","","",""
"data","320","07/14/2026","80880033784","valid","61165928343.114662","3.7412707900750378E+21","0.48698728089478843","0.11549225350396038","0.056243258498305269","","",""
"data","321","07/15/2026","-31870555055","valid","-51584660495.885338","2.6609771984757536E+21","-0.41070370762385139","-0.069276489204623815","0.028452110967502716","","",""
"data","322","07/16/2026","0.00012357703988151304","valid","-19714105440.885216","3.8864595333434009E+20","-0.15695860201900391","-0.0038668325506247578","0.00060693263138764119","","",""
"data","323","07/17/2026","-0.00012584076418230931","valid","-19714105440.885464","3.8864595333434986E+20","-0.15695860201900588","-0.0038668325506249035","0.00060693263138767166","","",""
"data","324","07/18/2026","6733295219","valid","-12980810221.885338","1.6850143401660288E+20","-0.10334984925441444","-0.0011038995149406248","0.00011408784846113481","","",""
"data","325","07/19/2026","38443207317","valid","18729101876.114662","3.5077925708588175E+20","0.14911625872964088","0.0033156982234348563","0.00049442451415512259","","",""
"data","326","07/20/2026","396000000000","valid","376285894559.11469","1.4159107444415318E+23","2.9958908430600815","26.889204659775196","80.557122017388977","","",""
"data","327","07/21/2026","23237545975","valid","3523440534.1146622","1.2414633197442216E+19","0.028052721042304472","2.2076233516736031E-05","6.1929842050976818E-07","","",""
"data","328","07/22/2026","113000000000","valid","93285894559.114655","8.7022581236942567E+21","0.74271813357174443","0.40970577182916518","0.30429590616652852","","",""
"data","329","07/23/2026","-37077102914","valid","-56791208354.885338","3.2252413464079982E+21","-0.45215689330068431","-0.09244160316919961","0.041798108100719988","","",""
"data","330","07/24/2026","-361000000000","valid","-380714105440.88531","1.4494323008165354E+23","-3.0311471112956463","-27.849733504998749","84.416639264030536","","",""
"data","331","07/25/2026","0.00020862184464931488","valid","-19714105440.885128","3.8864595333433662E+20","-0.15695860201900319","-0.0038668325506247044","0.00060693263138763","","",""
"data","332","07/26/2026","0.00024269230974217256","valid","-19714105440.885094","3.8864595333433524E+20","-0.15695860201900294","-0.0038668325506246862","0.00060693263138762612","","",""
"data","333","07/27/2026","-98531895007","valid","-118246000447.88535","1.39821166219213E+22","-0.94144403256297138","-0.83441772487778565","0.78555758775096252","","",""
"data","334","07/28/2026","-0.00015173098072409629","valid","-19714105440.88549","3.8864595333435091E+20","-0.15695860201900608","-0.0038668325506249178","0.0006069326313876747","","",""
"data","335","07/29/2026","163000000000","valid","143285894559.11465","2.0530847579605723E+22","1.1408051847180936","1.484685471963634","1.6937368840917433","","",""
"data","336","07/30/2026","5292738206","valid","-14421367234.885338","2.0797583292342436E+20","-0.1148191911206817","-0.0015137126804906096","0.00017380326556305068","","",""
"data","337","07/31/2026","-0.00015535095008090138","valid","-19714105440.885494","3.8864595333435104E+20","-0.1569586020190061","-0.00386683255062492","0.00060693263138767513","","",""
"data","338","08/01/2026","-489951445","valid","-20204056885.885338","4.0820391464809071E+20","-0.16085946853790373","-0.0041623623879489969","0.0006695554015876355","","",""
"data","339","08/02/2026","-139000000000","valid","-158714105440.88535","2.5190167265900472E+22","-1.2636406042058559","-2.0177656180803734","2.5497305647768851","","",""
"data","340","08/03/2026","-99029260067","valid","-118743365507.88535","1.4099986852139254E+22","-0.9454039243645439","-0.8449912312769623","0.798858026102868","","",""
"data","341","08/04/2026","238000000000","valid","218285894559.11465","4.764873176347292E+22","1.7379357614376176","5.2492971680317035","9.1229412707355078","","",""
"data","342","08/05/2026","0.00041155727511202849","valid","-19714105440.884926","3.8864595333432862E+20","-0.15695860201900158","-0.0038668325506245856","0.00060693263138760509","","",""
"data","343","08/06/2026","0.00040646064250419539","valid","-19714105440.88493","3.8864595333432875E+20","-0.15695860201900164","-0.0038668325506245895","0.000606932631387606","","",""
"data","344","08/07/2026","-0.00020024900635083517","valid","-19714105440.885536","3.8864595333435267E+20","-0.15695860201900647","-0.0038668325506249468","0.00060693263138768066","","",""
"data","345","08/08/2026","0.000505926669575274","valid","-19714105440.88483","3.8864595333432489E+20","-0.15695860201900083","-0.00386683255062453","0.00060693263138759349","","",""
"data","346","08/09/2026","0.00059260841459035868","valid","-19714105440.884747","3.8864595333432155E+20","-0.15695860201900017","-0.0038668325506244811","0.00060693263138758319","","",""
"data","347","08/10/2026","0.00012561291905826535","valid","-19714105440.885212","3.886459533343399E+20","-0.15695860201900388","-0.003866832550624756","0.00060693263138764076","","",""
"data","348","08/11/2026","0.00018428264108176032","valid","-19714105440.885155","3.8864595333433767E+20","-0.15695860201900341","-0.0038668325506247209","0.0006069326313876335","","",""
"data","349","08/12/2026","83183970613","valid","63469865172.114662","4.0284237849664139E+21","0.50533062926047","0.1290407468308945","0.065208241796296917","","",""
"data","350","08/13/2026","67340388584","valid","47626283143.114662","2.2682628460281279E+21","0.379188132270072","0.054521049771569866","0.020673735032285211","","",""
"data","351","08/14/2026","-0.00014154243593414624","valid","-19714105440.885479","3.8864595333435045E+20","-0.156958602019006","-0.0038668325506249117","0.0006069326313876734","","",""
"data","352","08/15/2026","-3466063000","valid","-23180168440.885338","5.3732020894781656E+20","-0.18455449799415424","-0.0062859931451107491","0.0011601083092906092","","",""
"data","353","08/16/2026","61135964158","valid","41421858717.114662","1.7157703795806078E+21","0.32979011179393752","0.035868473126361627","0.011829067762220645","","",""
"data","354","08/17/2026","-217000000000","valid","-236714105440.88535","5.6033567714678581E+22","-1.8846564039941607","-6.6941671708250974","12.616205027902993","","",""
"data","355","08/18/2026","0.00019343401904084852","valid","-19714105440.885143","3.8864595333433721E+20","-0.15695860201900333","-0.0038668325506247148","0.0006069326313876322","","",""
"data","356","08/19/2026","565000000000","valid","545285894559.11469","2.9733670680513393E+23","4.3414250759347421","81.827056925278683","355.24603682534445","","",""
"data","357","08/20/2026","0.00033851464589436847","valid","-19714105440.885","3.8864595333433151E+20","-0.15695860201900216","-0.0038668325506246285","0.00060693263138761409","","",""
"data","358","08/21/2026","0.00023490299160281816","valid","-19714105440.8851","3.8864595333433557E+20","-0.156958602019003","-0.00386683255062469","0.000606932631387627","","",""
"data","359","08/22/2026","55205506774","valid","35491401333.114662","1.2596395685882133E+21","0.28257334595502448","0.022562830581499767","0.00637565453163074","","",""
"data","360","08/23/2026","-0.00012806814629584551","valid","-19714105440.885468","3.8864595333435E+20","-0.15695860201900591","-0.0038668325506249056","0.00060693263138767209","","",""
"data","361","08/24/2026","0.00041331970614605937","valid","-19714105440.884926","3.8864595333432862E+20","-0.15695860201900158","-0.0038668325506245856","0.00060693263138760509","","",""
"summary","","","","","","","","","","pollutant","Polutan","SO2"
"summary","","","","","","","","","","total_observations","Jumlah seluruh baris","361"
"summary","","","","","","","","","","valid_n","Jumlah data valid, n","305"
"summary","","","","","","","","","","missing_or_non_numeric","Jumlah missing/non-numeric","56"
"summary","","","","","","","","","","min","Nilai minimum","-540000000000"
"summary","","","","","","","","","","max","Nilai maksimum","565000000000"
"summary","","","","","","","","","","sum","Jumlah nilai, Sum","6012802159470.0283"
"summary","","","","","","","","","","mean","Rata-rata, Sum/n","19714105440.885338"
"summary","","","","","","","","","","median","Median data terurut","0.00028726844383137565"
"summary","","","","","","","","","","sum_squared_deviation","Jumlah (x - mean)^2","4.7957605388878123E+24"
"summary","","","","","","","","","","sample_variance","Varians sampel, sum_squared_deviation/(n-1)","1.577552808844675E+22"
"summary","","","","","","","","","","sample_std_deviation","Standar deviasi sampel, sqrt(variance)","125600669140.12341"
"summary","","","","","","","","","","sum_standardized_cube","Jumlah ((x - mean)/sd)^3","203.89062107699263"
"summary","","","","","","","","","","skewness_factor","Faktor skewness, n/((n-1)(n-2))","0.0033111863817960742"
"summary","","","","","","","","","","skewness","Skewness Fisher-Pearson corrected, factor * sum_standardized_cube","0.67511984788608159"
"summary","","","","","","","","","","sum_standardized_fourth","Jumlah ((x - mean)/sd)^4","3182.03821321799"
"summary","","","","","","","","","","kurtosis_factor","Faktor kurtosis, n(n+1)/((n-1)(n-2)(n-3))","0.0033550431550648965"
"summary","","","","","","","","","","kurtosis_correction","Koreksi kurtosis, 3(n-1)^2/((n-2)(n-3))","3.0298341092387386"
"summary","","","","","","","","","","excess_kurtosis","Excess kurtosis sampel, factor * sum_standardized_fourth - correction","7.6460414171732118"
"hasil_bagian","","","","","","","","","","1. Min & Max","Min = nilai minimum; Max = nilai maksimum","Min = -540000000000; Max = 565000000000"
"hasil_bagian","","","","","","","","","","2. Mean","Mean = Sum / n valid","19714105440.885338"
"hasil_bagian","","","","","","","","","","3. Std. Deviation","s = sqrt(sum((x - mean)^2) / (n - 1))","125600669140.12341"
"hasil_bagian","","","","","","","","","","4. Variance","s^2 = sum((x - mean)^2) / (n - 1)","1.577552808844675E+22"
"hasil_bagian","","","","","","","","","","5. Skewness","Fisher-Pearson corrected skewness","0.67511984788608159"
"hasil_bagian","","","","","","","","","","6. Kurtosis","Excess kurtosis sampel","7.6460414171732118"
"hasil_bagian","","","","","","","","","","7. Overall Sum","Sum = jumlah seluruh nilai valid","6012802159470.0283"
"hasil_bagian","","","","","","","","","","8. Kualitas / Anomali Data","Menghitung total, valid, missing/non-numeric, NaN, +Inf, dan -Inf","Total = 361; Valid = 305; Missing/non-numeric = 56; NaN = 0; +Inf = 0; -Inf = 0"
"hasil_bagian","","","","","","","","","","9. Median","Median dari data valid yang telah diurutkan","0.00028726844383137565"
