date,O3,CO,NO2,SO2
2026-01-17,0.1121721674998601,0.026980286464095116,2.8192525860504247e-05,0.0003640000442309039
2026-01-15,0.1131529733538627,--,--,--
2026-01-11,0.113425841430823,0.032078180462121964,--,--
2026-01-14,0.1115396027763684,0.023858226007885404,1.2322471775405575e-05,0.00010074088349938392
2026-01-13,0.1131408942242463,0.029537561866972182,2.0580877996205043e-05,7.621007971465587e-05
2026-01-16,0.1119399500389893,0.023581800552514885,1.497587982157711e-05,8.263296066698703e-05
2026-01-18,0.1137892365455627,--,1.697153372030395e-05,-0.00019753378971169391
2026-01-12,0.1139777188499768,0.026692762970924377,1.2378556675685104e-05,1.3512424629880115e-05
2026-04-16,0.1169597002367178,0.030205406745274863,4.01065755997681e-05,0.0006389441289778413
2026-04-13,0.1175845469037691,0.02561509609222412,2.8487696129429552e-05,8.794845178209502e-05
2026-04-15,0.1158775977790355,0.026429200172424318,4.985853253553311e-05,0.0008444990414906951
2026-04-12,0.1176161607106526,--,2.905899891629815e-05,0.0005045444532125084
2026-04-10,0.1178907925883929,0.0279003344476223,--,0.0002585088659543544
2026-04-11,0.1191191752751668,--,--,0.0004720385477412492
2026-04-09,0.1179710974295934,0.02882905552784602,3.9197747934270986e-05,1.5410130512655567e-05
2026-04-14,0.1166093111038208,0.026346478859583536,2.9826889901111522e-05,0.00026108169307311374
2026-07-28,0.118983860562245,--,4.576618084684014e-05,-0.0001517309807240963
2026-07-24,0.1164448911945025,0.03135865330696106,3.3280294802453784e-05,-3.6083363617459933e-05
2026-07-25,0.1194713259736696,0.03997468948364258,6.294176223334567e-05,0.00020862184464931488
2026-07-26,0.1212712499002615,0.03240581601858139,4.37034314553089e-05,0.00024269230974217256
2026-07-22,0.1137652729948361,0.033677927652994794,3.985553048551083e-05,1.1268121722553457e-05
2026-07-29,0.1201327251891295,0.034501876149858744,5.1028182497248054e-05,1.6274614608846605e-05
2026-07-23,0.1161980018019676,0.029971523531552018,2.987557672895491e-05,-3.707710291362471e-05
2026-07-27,0.1184853658080101,0.02869977355003357,5.9513598292445145e-05,-9.853189500669638e-05
2026-03-03,0.1125275894999504,0.03145753145217896,3.59226978616789e-05,-6.636945763602853e-05
2026-03-05,0.1122360299030939,0.020844105879465738,--,--
2026-03-06,0.1148033380508422,--,--,0.0007020319811999798
2026-03-02,0.1149757387737433,--,--,--
2026-03-01,0.1141373559832572,--,--,-0.0003032940827930967
2026-03-04,0.1125460470716158,0.02612411359260822,2.920048063970171e-05,-7.388403173536062e-05
2026-02-28,0.1135025997956593,0.027177469804883003,--,0.0002287356700334284
2026-03-07,0.1155564576387405,0.026542129339995207,--,-0.00013801385648548603
2026-07-21,0.1132702315847078,0.03224809567133586,3.378007560968399e-05,2.323754597455263e-05
2026-07-15,0.1167618704338868,0.02546970049540202,3.067423822358251e-05,-3.187055505501727e-05
2026-07-20,0.1152276284992694,0.035124985376993816,4.158498389491191e-05,3.9617097454852074e-05
2026-07-17,0.1157049862047036,--,4.886037592465679e-05,-0.0001258407641823093
2026-07-16,0.1150876395404338,0.03282697995503744,4.860233993416554e-05,0.00012357703988151304
2026-07-14,0.1169696614146232,0.03333562612533569,5.499074468389154e-05,8.088003378361463e-05
2026-07-19,0.1171723951896031,0.03345945725838343,3.653377196035133e-05,3.844320731745525e-05
2026-07-18,0.1157912577191988,0.033835300377437046,4.662510695024615e-05,6.73329521869791e-05
2026-01-03,0.1118821350236733,0.02979704240957896,--,0.0002506733580958098
2026-01-04,0.1131917918721834,0.028374470197237454,2.9377086320891976e-05,0.00011544096667100402
2026-01-06,0.1119981214404106,--,--,-0.0005225894972681999
2026-01-10,0.1136184704800446,--,--,3.0271508876467124e-05
2026-01-07,0.1141417031486829,--,--,-5.563422261426846e-05
2026-01-08,0.1139914885163307,--,3.383355215191841e-05,0.0001407339484156931
2026-01-05,0.1124871085087458,--,--,-4.172608560810868e-05
2026-01-09,0.1145843863487243,0.02294660545885563,--,--
2026-02-04,0.1151276263097922,0.02648223042488098,3.02491888370631e-05,-3.983626707590052e-05
2026-02-05,0.1147659262021382,0.026802679896354674,2.5781313524930738e-05,4.0422093921474046e-05
2026-02-11,0.1138032520810763,--,--,--
2026-02-06,0.1143277024229367,0.030357988675435384,1.312312881716273e-05,0.00011535127802441518
2026-02-09,0.1138741679489612,--,--,--
2026-02-07,0.1140129129091898,--,--,--
2026-02-08,0.1155896710852781,0.02871205977031163,1.696576873655431e-05,-3.065958298975602e-05
2026-02-10,0.1136962279677391,--,2.166461975624164e-05,-2.50931744058444e-06
2026-06-03,0.1152098268270492,0.034076809883117676,3.118159864763064e-05,5.949367769062519e-05
2026-05-29,0.1186179091533025,0.03183783744943553,3.183284619202216e-05,0.00015587531961500645
2026-06-02,0.1167053329447905,0.03327705817563193,3.662003049006065e-05,6.344893481582403e-05
2026-06-01,0.1166291678945223,0.03338406483332316,4.100892304753264e-05,3.745278421168526e-05
2026-05-30,0.1171527797977129,--,1.6178822584657206e-05,0.0006351290270686149
2026-05-28,0.1185021691024303,0.02845211923122406,3.2182112234928035e-05,0.00012434038799256087
2026-05-27,0.116954472164313,0.030468201637268065,2.9588781256714594e-05,0.00012556077518428749
2026-05-31,0.1167201881607373,0.028797948360443117,3.718423734729489e-05,-2.425195804486672e-05
2026-07-31,0.1192600267628828,0.034746907259288584,--,-0.00015535095008090138
2026-08-01,0.1201829433441162,0.03621196746826172,3.1338589906226844e-05,-4.899514445649653e-07
2026-08-06,0.1205259410043557,0.030918238560358684,4.4838530205500625e-05,0.0004064606425041954
2026-07-30,0.1200122614701588,0.03889084607362747,3.4890384995378554e-05,5.292738205753267e-06
2026-08-04,0.1179302930831909,0.03257104555765788,4.134571229639862e-05,2.3814815974149566e-05
2026-08-05,0.1183173594375451,0.027047000328699746,3.635605772663104e-05,0.0004115572751120285
2026-08-02,0.1208157400290171,--,2.007848039890329e-05,-1.3878861985479792e-05
2026-08-03,0.1196381722887357,0.028014167149861654,2.9015585702533524e-05,-9.902926006664833e-05
2026-08-10,0.1217215148111184,0.03619677444984173,4.361555028449872e-05,0.00012561291905826535
2026-08-07,0.1213766952355702,0.03425207876023792,4.343444521984328e-05,-0.00020024900635083517
2026-08-09,0.1217869299153486,0.03848035247237594,4.780469158583361e-05,0.0005926084145903587
2026-08-08,0.1211363196372985,0.03464945157368978,5.817150304210372e-05,0.000505926669575274
2026-08-13,0.1165958618124326,0.037409647305806475,7.63464408616225e-05,6.734038858364026e-05
2026-08-12,0.1201980310181776,0.029218821690000337,4.79689061952134e-05,8.318397061278423e-05
2026-08-11,0.1209813681741555,0.03501783256177549,3.624745711152043e-05,0.00018428264108176032
2026-08-14,0.1182411844531695,0.03491076231002808,4.2278090647111335e-05,-0.00014154243593414624
2026-02-14,0.1130155183374881,--,--,--
2026-02-13,0.1130292132496833,--,--,--
2026-02-16,0.1146304483215014,0.03108912706375122,--,6.45534455543384e-05
2026-02-19,0.1114010403553644,--,--,-4.9716642630907394e-05
2026-02-18,0.1140701907376448,--,--,--
2026-02-15,0.1119377806782722,0.03151684540968675,2.2754597011953592e-05,5.096773996851162e-05
2026-02-12,0.1119616046547889,0.03020468552907308,--,-3.969177972370138e-05
2026-02-17,0.1143923059105873,0.027851052582263947,--,--
2026-06-06,0.1167144450048605,0.027362003922462463,3.4676745682108134e-05,8.758513104112353e-06
2026-06-11,0.1173614750305811,0.03325791756312053,4.457692072416345e-05,0.0001895562745630741
2026-06-05,0.1170536585152149,0.027095399300257363,4.3054120615124704e-05,3.814185426260034e-05
2026-06-07,0.1166293688118457,0.03172907829284668,5.091324370975296e-05,0.00022918833419680596
2026-06-10,0.118203509102265,0.033910897271386506,5.516690564238363e-05,0.00016931100780593939
2026-06-09,0.1185855773588021,0.03151860281273171,4.380098156010111e-05,0.0002536569256335497
2026-06-08,0.1187220742305119,0.033176012337207794,4.738326034774738e-05,0.0005258433520793915
2026-06-04,0.1163059890270233,0.0320514440536499,4.4807502678756055e-05,0.00023684605645636717
2026-07-09,0.1189314762751261,0.033456888794898984,5.760179268882463e-05,0.00028109410777688026
2026-07-10,0.1186170428991317,0.035516385237375894,5.063374244075801e-05,0.00013876195686558882
2026-07-07,0.1161665422221024,0.028184527158737184,3.974719050650795e-05,3.170594837601212e-05
2026-07-08,0.1180183726052443,0.0330467164516449,3.679033155397823e-05,-1.9946193788200617e-05
2026-07-11,0.1180163932343324,0.03081279993057251,5.3632376796525456e-05,2.2710394114255904e-05
2026-07-13,0.1179145333667596,0.032979716857274376,4.573889697591464e-05,0.00029210538292924563
2026-07-12,0.1155037097632885,0.03656904697418213,4.670999866599838e-05,0.00012271203255901733
2026-08-24,0.1208918976287047,0.035673280556996666,6.743058717499177e-05,0.00041331970614605937
2026-08-23,0.1207485787570476,0.037252237796783445,4.9191173510970894e-05,-0.0001280681462958455
2025-12-19,0.1133151985704898,--,--,--
2025-12-23,0.1148799195885658,0.028677137692769368,2.4533025377119582e-05,-4.492778874312838e-05
2025-12-18,0.1146924629807472,0.02640836238861084,--,0.00015407480532303452
2025-12-25,0.1155502746502558,0.028967373371124268,2.057452608520786e-05,6.546959436188141e-05
2025-12-21,0.1144923515617847,0.024085627868771553,3.0985582270659506e-05,-1.7530897215086345e-05
2025-12-24,0.1151813715696334,0.02732173539698124,2.8886549989692868e-05,9.368581231683493e-06
2025-12-20,0.1142354326943556,0.029448501765727997,--,--
2025-12-22,0.117104247957468,--,--,--
2026-05-02,0.1167933796842893,0.027781089146931965,4.568942676996812e-05,0.0003103730734437704
2026-04-26,0.1169454522430896,0.02606465816497803,3.565195220289752e-05,0.00018863842405121903
2026-04-25,0.1177215268214543,0.028839882214864096,3.360668197274208e-05,8.654927369207144e-05
2026-05-01,0.1159015379846096,0.023880545909588154,3.201478102710098e-05,0.00028726844383137565
2026-04-27,0.1157882076998551,--,4.735862215360006e-05,3.240995843393298e-05
2026-04-29,0.117113730063041,0.025523770600557327,2.5928576360456645e-05,-4.600564716383815e-05
2026-04-30,0.1163834599157174,--,--,--
2026-04-28,0.1155377656221389,--,2.9543080017901957e-05,0.00023466669793786673
2025-12-16,0.1151326954364776,0.028616287491538307,1.0287149052601308e-05,-4.577344807330519e-05
2025-12-17,0.115674232194821,0.028310324748357138,1.9904728590821228e-05,4.636517260223627e-05
2025-11-10,0.1147749031583468,0.028844879733191595,4.3255644413875416e-05,0.00010037605534307659
2025-11-14,0.1171023997167746,--,--,--
2025-11-12,0.1160020219782988,--,--,--
2025-11-08,0.1148621345559755,--,--,--
2025-11-09,0.1172666274011135,--,--,--
2025-11-13,0.1153973206877708,--,--,1.6453584456550224e-05
2025-11-11,0.1149460357924302,0.030225194417513333,2.3202792363008484e-05,0.00011988163460046053
2025-11-15,0.1164611406624317,--,--,--
2025-11-20,0.1151088198026021,--,--,--
2025-11-19,0.1152810568610827,--,--,-6.758325293453204e-05
2025-11-17,0.1157956331968307,0.02572963386774063,--,6.451240291685931e-05
2025-11-22,0.1149897063771883,--,2.6731953767011873e-05,-2.5702669518068433e-05
2025-11-23,0.1133083872497081,0.030206927231379917,2.4294882314279677e-05,3.072886399670758e-05
2025-11-18,0.1149182756741841,--,5.210603558225557e-05,-5.1852124064074206e-06
2025-11-21,0.1140280087788899,0.029204687103629112,--,--
2025-11-16,0.1174230302373568,--,--,--
2026-03-19,0.1130956076085567,0.02724095806479454,--,0.0006638426954547564
2026-03-16,0.1156163511176904,0.032035455621522047,2.757127471600792e-05,3.9155078896631795e-05
2026-03-21,0.1139752236505349,0.01922480178915936,1.685574742233647e-05,-9.315403682800631e-07
2026-03-22,0.1141541776557763,0.02686443112113259,--,0.00012137597271551688
2026-03-23,0.1160565165181954,0.027981022993723553,2.1913645799610425e-05,2.947057886370297e-05
2026-03-20,0.1150009666879971,0.0242302343249321,1.3430816276619831e-05,-9.309239103458822e-05
2026-03-17,0.1146165341138839,0.026243860522905987,2.8332297612602513e-05,0.0001580520571830372
2026-03-18,0.1141997131208578,0.02570531584999778,3.15002641097332e-05,-0.00012285346523500406
2025-09-03,0.11421831275026,0.024171475569407144,3.6173919215798375e-05,0.0001092690664033095
2025-09-04,0.1133950675527254,0.03106275200843811,3.6542044571516186e-05,0.00046573909930884837
2025-09-02,0.1150818405052026,0.023866513501042904,2.2556500819822153e-05,3.369446300591032e-05
2025-08-29,0.1130683389802773,0.026471381187438966,2.507879071345087e-05,2.627389282376195e-05
2025-08-30,0.1155830810467402,0.030179724097251892,4.409124644903036e-05,0.00018032719022952593
2025-08-28,,0.023142453696992662,2.3822699930812968e-05,5.1368529017528765e-05
2025-08-31,0.1165604827304681,0.02480316534638405,3.073554790507142e-05,-0.00010524934623390436
2025-09-01,0.1157670286794503,0.027895037333170572,3.4504447184089157e-05,0.0004357043986341783
2025-09-16,0.1149866367379824,--,--,0.000264204911548983
2025-09-18,0.1128297813236713,0.02848142385482788,--,-7.297024421859533e-05
2025-09-15,0.1157304974893728,0.030939902578081404,3.603407710145872e-05,0.00010857025447946328
2025-09-14,0.1155358319481213,0.02943451205889384,2.9294053092598915e-05,0.00015859967097640038
2025-09-19,0.1134715554614861,0.02443792040531452,3.080297261476517e-05,5.721800995093805e-05
2025-09-13,0.1150535265604655,0.03507343653974862,4.302935364345709e-05,8.898798335829507e-05
2025-09-17,0.1147635129590829,0.031182706356048584,4.856658051721752e-05,9.131028491538018e-05
2025-10-01,0.1123801300923029,0.02928931896503155,3.0412693377002142e-05,-0.0001974751939997077
2025-10-02,0.1154312300185362,--,5.038319172204605e-05,-2.394472248852253e-05
2025-10-06,0.1187611284355322,0.038259339332580564,4.1174847865477204e-05,4.858755661795537e-05
2025-10-04,0.1149404893318812,0.035836414496103926,4.895080664110455e-05,0.00016040820628404617
2025-10-03,0.1164180134733518,0.030549718936284383,3.125881526752242e-05,7.515844689416034e-05
2025-10-05,0.1163518361747264,0.028011322021484375,3.342441050335765e-05,0.00013095045772691568
2025-09-29,0.1164935700595379,0.03156337473127577,3.999657928943634e-05,1.0211229285535714e-05
2025-10-27,0.1167485495408376,--,--,--
2025-10-23,0.1167349996666113,0.03267727792263031,2.8336248457587015e-05,7.281495808539066e-05
2025-10-29,0.1166679824392,--,--,--
2025-10-26,0.1181229047477245,0.03477459649244944,--,--
2025-10-28,0.1135977037250995,--,--,0.0002301018248545006
2025-10-30,0.1173968695104122,0.029080022936281952,3.9271783963259724e-05,-2.0469273295020685e-05
2025-10-25,0.1168424665927887,0.0324192579303469,--,--
2025-10-24,0.11667106077075,--,--,0.0008225450292229652
2026-01-23,0.1122577279806137,0.02957138419151306,--,--
2026-01-25,0.1131950135032335,0.026529053846995037,-9.513885743217543e-06,8.845589763950557e-05
2026-01-19,0.1140687376260757,0.029049427509307862,2.0891212012716814e-05,4.916236503049731e-05
2026-01-21,0.1127082784970601,--,--,-7.21509907937919e-05
2026-01-22,0.1113161315520604,--,--,--
2026-01-26,0.1130378062526385,0.028333932161331177,--,9.404496813658625e-05
2026-01-20,0.1121788178881009,0.02450773947768741,--,1.615027819449703e-05
2026-01-24,0.1128092013299465,--,--,--
2026-03-08,0.1130821960667769,0.0332893542945385,--,--
2026-03-09,0.1136328034102916,0.03562097549438477,2.51054511560748e-05,-2.423764332585658e-06
2026-03-12,0.1139226188262303,0.02467447767655055,2.329647638058911e-05,-0.00023279273591469973
2026-03-10,0.1139313211043675,0.03129350021481514,2.3296389554161578e-05,-6.005335211132963e-05
2026-03-13,0.1145123211046059,0.025448240836461387,2.1474088211298774e-05,9.594069221445048e-06
2026-03-15,0.1157105989754199,0.03136926889419556,1.583165516529013e-05,6.196334725245833e-05
2026-03-11,0.1129799385865529,--,1.3086406397633255e-05,-4.1217539304246506e-05
2026-03-14,0.1152404961486657,0.027018441756566366,2.572629212712248e-05,7.111132144927978e-05
2026-03-26,0.11525950456659,0.0259427676598231,3.171577658836863e-05,5.659182179009631e-05
2026-03-30,0.1158233801523844,0.024427741765975952,--,7.76594242779538e-05
2026-03-24,0.1159639224410057,--,--,2.3118431933901526e-05
2026-03-31,0.1172937825322151,--,--,--
2026-03-28,0.1167612977325916,--,--,-0.00011603727471083402
2026-03-27,0.1180316473046938,--,2.79662037630462e-05,-0.00012986171059310437
2026-03-25,0.1168775600691636,0.026057002799851552,--,--
2026-03-29,0.1166853763163089,0.031285162766774496,3.821240970864892e-05,0.00031370995566248894
2026-06-13,0.1115027996400992,0.030627705653508506,4.6713515819812365e-05,0.00014793778037918464
2026-06-16,0.1151193226377169,0.03194386561711629,4.7301594167947766e-05,0.000292302557052328
2026-06-15,0.1132631060977776,--,3.97775461897254e-05,0.00024655517190694807
2026-06-19,0.1174979731440544,0.033234978163683856,3.7302006164501455e-05,0.0005646908655762672
2026-06-18,0.117119649797678,0.034196872796331136,3.8698343720672456e-05,0.00015399265103042126
2026-06-14,0.1102348946034908,0.03162559654031481,3.95189443438807e-05,4.500483628362417e-05
2026-06-17,0.1161231602231661,0.0317037296295166,4.568673658037656e-05,0.00019564054071389395
2026-06-12,0.1116876545051733,--,--,--
2026-07-02,0.1167321041226387,0.03427724838256836,4.474789214630922e-05,-0.00013513769954442978
2026-07-04,0.117189739147822,0.028312496344248452,4.392362122113506e-05,0.0002668298470477263
2026-07-03,0.1166281335055828,0.03118950128555298,3.924715288338207e-05,0.00019557822573309144
2026-07-01,0.116603601972262,--,4.5010664810736976e-05,0.0004769633524119854
2026-06-29,0.1153019830584526,0.02957972708870383,4.475140655092124e-05,0.00027934573590755464
2026-06-30,0.1168125055730342,0.03183317184448242,4.212074369813005e-05,7.942399630943934e-05
2026-07-05,0.1161018140614032,0.03230089169961435,3.4711178159341216e-05,0.0002588165551424026
2026-06-28,0.1139719627797603,0.029949309497044004,3.3537690926875386e-05,0.0003904657888001409
2025-11-30,0.116136401395003,--,--,--
2025-11-26,0.1118831291794777,0.026451701627058143,2.3233122192323208e-05,-3.14718927256763e-05
2025-11-25,0.1134300589561462,0.02970347205797831,2.7460305401208725e-05,4.0380061942745336e-05
2025-11-28,0.113172743966182,0.03024018512052648,2.442196273477748e-05,0.000263969085234053
2025-11-29,0.1150723037620385,0.025050246715545656,--,0.0002730517686965565
2025-12-01,0.1156058919926484,0.027979640960693358,2.6428402634337544e-05,4.400705802254379e-05
2025-11-27,0.1144274016221364,0.027994606643915176,1.490105544993033e-05,5.096204242565566e-05
2025-11-24,0.116014760484298,--,--,-0.00014586405207713446
2025-12-04,0.1159134636322657,--,--,--
2025-12-05,0.1153658847014109,--,3.5285030025988815e-05,-0.0001481961558705994
2025-12-02,0.1143644238511721,0.027861991753944985,2.4708586611918042e-05,0.00039447690360248087
2025-12-06,0.1154806055128574,--,4.1767187212826684e-05,2.345714528928511e-05
2025-12-09,0.1157465604444344,--,--,--
2025-12-08,0.1154246280590693,--,--,--
2025-12-03,0.1156432392696539,0.02753949910402298,2.2935448214411736e-05,-5.159197219957908e-06
2025-12-07,0.1149385896821816,0.02971726655960083,2.221722825197503e-05,-1.2294055652871195e-07
2026-02-25,0.1127220620711644,--,--,--
2026-02-23,0.114221204072237,--,--,3.483446562313475e-05
2026-02-24,0.1135232205192248,--,--,--
2026-02-26,0.1130392658213774,--,1.6064837836893275e-05,1.782554733966078e-05
2026-02-22,0.1130807009836038,--,--,--
2026-02-21,0.1127237379550933,--,--,-3.3699201594572514e-05
2026-02-20,0.1112831043700377,0.027184164524078368,2.641824297218894e-05,0.00011017441749572754
2026-02-27,0.1130115854243437,0.024556687474250792,1.69800769072026e-05,-2.4261337239295243e-05
2025-12-15,0.1164001114666462,0.02539884266646012,--,5.438235166366212e-05
2025-12-10,0.1169019343952337,0.02843907806608412,--,0.0003348331665620208
2025-12-12,0.1138005035618941,0.03093903660774231,2.473428113652127e-05,-5.3998621836028714e-05
2025-12-13,0.1134690292179584,--,--,--
2025-12-11,0.1151590334872404,0.029023686051368715,--,--
2025-12-14,0.1161770097911358,--,--,--
2026-04-06,0.1175428020457426,0.02401173335534555,--,9.496476942379224e-05
2026-04-02,0.1187654979526996,--,--,--
2026-04-05,0.1174594265719254,0.02950093944867452,4.0857553748147825e-05,0.00012533013708889484
2026-04-04,0.1186168479422728,0.029312330484390258,3.6244817159098126e-05,4.0153229537491614e-05
2026-04-08,0.1178449908892313,0.02830326755841573,2.8646260034292936e-05,4.960325410744796e-05
2026-04-01,0.1177182624737421,0.02963296373685201,4.66340030210891e-05,-5.462611928426971e-06
2026-04-03,0.1180313351253668,0.028291924794514974,3.0684996939574676e-05,0.00040110275149345397
2026-04-07,0.1175790230433146,--,--,-0.0008349284180440009
2026-05-08,0.1161600480477015,0.02789262533187866,3.2789808756206185e-05,0.0004853111338512651
2026-05-06,0.118367542574803,0.030191286846443458,5.082702846266329e-05,0.00026429790121160055
2026-05-10,0.1165477007627487,0.030403891514087546,2.6618438520623993e-05,5.925439215977402e-05
2026-05-03,0.1170214628179868,0.02642123222351074,3.214163977342347e-05,2.9455142794176936e-05
2026-05-07,0.1183060020208358,0.029561813672383627,4.690493224188685e-05,0.00012561451488484938
2026-05-09,0.1167815533777078,--,4.736502499630054e-05,5.4184590804983266e-05
2026-05-04,0.1183439354101816,0.027216957374052567,3.053409091080539e-05,-1.9145090066428694e-05
2026-08-16,0.1183945998549461,0.03162649154663086,3.888504191612204e-05,6.113596415768067e-05
2026-08-21,0.1232010607918103,0.026898682117462158,4.034996187935273e-05,0.00023490299160281816
2026-08-18,0.121207873771588,--,3.7665752946243934e-05,0.00019343401904084852
2026-08-15,0.1185310870409011,0.035209929943084715,3.603474760893732e-05,-3.466063000295045e-06
2026-08-19,0.1211242124438285,0.028643840551376344,3.7769321352243423e-05,5.6454880783955257e-05
2026-08-22,0.1210830067594846,0.036485620339711505,5.702258204109967e-05,5.520550677409539e-05
2026-08-17,0.121760609994332,0.03674313315638789,3.248169377911836e-05,-2.1732092136517167e-05
2026-08-20,0.1217254196604093,0.028126615285873412,3.510214543590943e-05,0.00033851464589436847
2025-09-08,0.1127539364000161,0.027983762323856354,--,4.390631026277939e-05
2025-09-10,0.1155910631020863,0.02618525266647339,--,-8.241171599365771e-05
2025-09-12,0.1148632509013017,0.0308176060517629,4.539044457487762e-05,0.00017571277187570283
2025-09-11,0.1160046416024367,0.026123113102383085,3.615918103605509e-05,0.0002002865852167209
2025-09-06,0.1135879720250765,0.032300591468811035,3.40455497445708e-05,0.00012505793109022337
2025-09-07,0.1135519864658514,--,--,-9.684029334623898e-07
2025-09-09,0.1144913616279761,0.02837156007687251,3.162130087730475e-05,4.1535114481424294e-05
2025-09-05,0.1137669074038664,0.03215282917022705,3.5578606738930654e-05,0.00033198483288288116
2025-10-11,0.1138314257065455,0.031637394428253175,3.2004209377033554e-05,-1.2600235440286583e-05
2025-10-12,0.1154537531236807,0.022555437158135808,2.8165068943053485e-05,-1.4324619163138172e-05
2025-10-14,0.1187754839658737,0.029698771238327027,4.269824518511693e-05,6.733962800353765e-05
2025-10-09,0.1188422453900178,0.042022421442229174,4.760774139028329e-05,0.00017600907012820243
2025-10-13,0.1165369359155496,0.027193468192528034,3.308355032155911e-05,2.688126405701041e-05
2025-10-10,0.1166172911723454,0.03534105751249525,3.756910518859513e-05,0.0003623254131525755
2025-10-07,0.1202044792473316,0.04675208568572998,4.6983240948369107e-05,0.00034826180587212244
2025-10-08,0.1182622261345386,0.03485483725865682,2.370855613012931e-05,0.00046706020033785274
2025-10-18,0.1195110229154427,--,5.1714625442400575e-05,0.0001978736991683642
2025-10-19,0.1163047288854916,0.03398567914962768,3.985713119618595e-05,8.84222931095532e-05
2025-10-22,0.1200929999351501,--,--,--
2025-10-16,0.1201484995583693,0.03291583061218262,4.441212222445756e-05,7.432657488000889e-05
2025-10-20,0.1169078581035137,0.032970291596871835,5.543078683937589e-05,-8.61600523681513e-05
2025-10-15,0.1184364991883436,0.03487455099821091,4.96014766395092e-05,-5.258072167634964e-05
2025-10-21,0.1198754305640856,--,--,--
2025-10-17,0.1203642127414544,0.03273673454920451,4.79248228657525e-05,0.00017218211327086794
2025-11-06,0.1133374638855457,0.02537430077791214,--,--
2025-11-03,0.1173647227386633,--,--,3.726421190159661e-05
2025-11-05,0.1141345342000325,0.02842731135232108,2.2574573449674062e-05,1.8915934560936876e-05
2025-10-31,0.1167000897228717,--,--,--
2025-11-02,0.1173827747503916,--,--,-5.792916150918851e-05
2025-11-04,0.115690698971351,--,2.3103744347786738e-05,-0.0002305220812559128
2025-11-07,0.1138921856880188,0.03174044270264475,2.949673762486782e-05,3.346905214129947e-05
2025-11-01,0.1151819914579391,0.030497101445992787,3.578859226157268e-05,-4.532142076641321e-05
2026-01-01,0.1147628846267859,0.027022317051887512,--,--
2025-12-29,0.1140747221807638,0.026724596818288166,3.5780229760954775e-05,1.2111574289433303e-05
2026-01-02,0.1099345266819,0.029038968540373303,2.5978357630914877e-05,-4.3074989662272856e-05
2025-12-28,0.1139528535306453,0.025408374411719187,3.247261176713639e-05,1.4045173251677467e-05
2025-12-30,0.1144670225679874,0.030021193126837414,2.0878433133475482e-05,0.00018332512117922307
2025-12-31,0.1135211333632469,--,--,--
2025-12-26,0.1147666988273461,--,2.9453592262519844e-05,-4.142438410781324e-06
2025-12-27,0.1138954336444536,--,2.761703459934021e-05,-9.826808236539364e-05
2026-02-03,0.1140505683918794,0.028826117515563965,1.7421045099738344e-05,2.3102331585411367e-05
2026-02-01,0.1146735673149426,0.028610682913235257,--,-2.943519393738825e-05
2026-01-31,0.1145756028592586,0.03185111085573832,2.1760394845746067e-05,9.639691727768098e-06
2026-01-28,0.1154577640195687,--,--,--
2026-01-29,0.1129176494975884,0.033218275933038624,--,--
2026-02-02,0.1131233240167299,0.031853641072909035,2.689962821023073e-05,8.455670904368162e-05
2026-01-27,0.1129228889942169,--,--,--
2026-01-30,0.1150230713188648,0.03194442391395569,1.7896115120189886e-05,3.473519505600312e-05
2026-04-21,0.1163801963130633,0.03015344010459052,3.6508022458292547e-05,0.00038963549125653046
2026-04-20,0.118875287224849,0.0329921821753184,5.190500523895025e-05,0.00031023547053337096
2026-04-19,0.1186034699281056,0.02987569570541382,3.344452125020325e-05,8.036221940225611e-06
2026-04-22,0.1160738045970598,--,--,--
2026-04-18,0.1172402371962865,0.028240674734115602,4.436370606223742e-05,0.0001326322089880705
2026-04-17,0.1162672909597555,0.028771100441614787,--,0.00043212024208444817
2026-04-24,0.1174961681167284,0.030219570795694987,2.786746231972107e-05,0.00010293888238569101
2026-04-23,0.1152590873340765,0.032790778080622356,2.6693419689157356e-05,0.0003106397343799472
2026-05-15,0.1163661248981952,0.026857284704844157,3.90469625320596e-05,0.0006938676815479994
2026-05-17,0.1159009044369061,0.02467076933902243,2.7564208721742034e-05,0.00014837891794741153
2026-05-11,0.1155702928702036,0.02728405793507894,3.4153434292723735e-05,0.00019468766016264756
2026-05-16,0.1167106665670871,0.02744916932923453,4.6066387935921e-05,8.471849663504239e-05
2026-05-18,0.1166799694299697,0.02883904576301575,3.0350476865553195e-05,0.0002968983192528997
2026-05-12,0.1140762448310852,0.027982646226882936,3.822642368807768e-05,0.00011805422448863586
2026-05-14,0.113067053258419,--,--,0.00025111106224358083
2026-05-13,0.1146618987123171,0.03010712776865278,2.4182673466081422e-05,0.0004782067396892951
2026-06-22,0.1177805006504058,0.03129123648007711,3.329744746830935e-05,5.1809059056852546e-05
2026-06-26,0.1143306312461694,0.029143468538920084,3.300376556580886e-05,0.0005480130203068256
2026-06-20,0.1179997858901818,0.03368041345051357,3.8023844050864376e-05,0.000583274611111345
2026-06-21,0.1194644848505655,0.031198741992314656,3.8214514987837324e-05,0.00015547868007650742
2026-06-27,0.1120401844382286,0.02807882785797119,3.294415572392089e-05,2.7433785502440653e-05
2026-06-24,0.1152142604192098,0.030056299765904744,3.150358194640527e-05,7.587378085763366e-05
2026-06-25,0.1163951801757017,0.02743691426736337,3.5447252836699285e-05,4.7185200466109177e-05
2025-09-25,0.1133029341697692,0.03077484028679984,3.688006351391474e-05,0.00027877089257041614
2025-09-27,0.1169138121108214,0.03441913922627767,4.6713572616378465e-05,-4.001821313674251e-06
2025-09-23,0.1134657812615235,0.03538626432418823,3.601574183752139e-05,0.0004742552526295185
2025-09-24,0.1132307723164558,0.03720945914586385,4.567434722236518e-05,9.920247348731961e-05
2025-09-21,0.1134941555559635,0.030214381217956544,3.408465757577991e-05,4.573911913515379e-05
2025-09-22,0.1144281407197316,0.03358421723047892,4.3226526274035373e-05,0.00035388752197225887
2025-09-28,0.1170669580499331,0.029002559185028077,2.2537994664162397e-05,7.484369756033023e-05
2025-09-26,0.1138770525654157,0.029575767119725545,2.4186729206121527e-05,8.298790115596992e-05
2026-05-21,0.116201967994372,0.02843518058458964,2.575504455577444e-05,0.000107176648452878
2026-05-19,0.114735872298479,0.02812825838724772,--,3.517533574874202e-05
2026-05-23,0.1181068102518717,0.031080192327499388,3.466006536554131e-05,0.0007797578492989907
2026-05-25,0.1168427305916945,0.031112446387608846,3.429275602684356e-05,-9.254947459946076e-05
2026-05-26,0.1161539249122142,0.02915206750233968,3.119326374005704e-05,2.2239175935586295e-05
2026-05-20,0.1165204167366027,0.030475314458211264,4.231407365296036e-05,4.988079724301185e-05
2026-05-22,0.1153318541745344,0.03173952853238141,--,0.0005729122087359429
2026-05-24,0.1174134008586406,0.02798855781555176,2.3438062635250388e-05,0.00025809632747301033
