date,feature_index,CO
2025-10-11T00:00:00.000Z,0,0.029615191742777824
2025-10-12T00:00:00.000Z,0,0.02839202620089054
2025-10-14T00:00:00.000Z,0,0.03542415797710419
2025-10-09T00:00:00.000Z,0,0.040269892662763596
2025-10-13T00:00:00.000Z,0,0.027898714877665043
2025-10-10T00:00:00.000Z,0,0.03516548499464989
2025-10-07T00:00:00.000Z,0,0.046600909903645515
2025-10-08T00:00:00.000Z,0,0.03251640871167183
2025-12-19T00:00:00.000Z,0,
2025-12-23T00:00:00.000Z,0,0.028447959572076797
2025-12-18T00:00:00.000Z,0,0.02594549860805273
2025-12-25T00:00:00.000Z,0,0.029784629121422768
2025-12-21T00:00:00.000Z,0,
2025-12-24T00:00:00.000Z,0,
2025-12-20T00:00:00.000Z,0,
2025-12-22T00:00:00.000Z,0,
2026-02-25T00:00:00.000Z,0,
2026-02-23T00:00:00.000Z,0,
2026-02-24T00:00:00.000Z,0,
2026-02-26T00:00:00.000Z,0,
2026-02-22T00:00:00.000Z,0,
2026-02-21T00:00:00.000Z,0,
2026-02-20T00:00:00.000Z,0,0.026424024254083633
2026-02-27T00:00:00.000Z,0,0.023276004940271378
2026-03-08T00:00:00.000Z,0,
2026-03-09T00:00:00.000Z,0,0.033251767978072166
2026-03-12T00:00:00.000Z,0,0.02584175579249859
2026-03-10T00:00:00.000Z,0,0.03200901113450527
2026-03-13T00:00:00.000Z,0,0.027403795160353184
2026-03-15T00:00:00.000Z,0,0.031326256692409515
2026-03-11T00:00:00.000Z,0,
2026-03-14T00:00:00.000Z,0,0.031526800245046616
2026-03-19T00:00:00.000Z,0,
2026-03-16T00:00:00.000Z,0,0.03167160227894783
2026-03-21T00:00:00.000Z,0,0.023741981014609337
2026-03-22T00:00:00.000Z,0,
2026-03-23T00:00:00.000Z,0,0.030135128647089005
2026-03-20T00:00:00.000Z,0,0.025751670822501183
2026-03-17T00:00:00.000Z,0,
2026-03-18T00:00:00.000Z,0,0.025842059403657913
2026-05-15T00:00:00.000Z,0,0.025416105054318905
2026-05-17T00:00:00.000Z,0,0.021326541900634766
2026-05-11T00:00:00.000Z,0,0.030480523593723774
2026-05-16T00:00:00.000Z,0,0.02749171294271946
2026-05-18T00:00:00.000Z,0,0.032527413219213486
2026-05-12T00:00:00.000Z,0,0.027884693816304207
2026-05-14T00:00:00.000Z,0,
2026-05-13T00:00:00.000Z,0,0.026122547686100006
2026-06-13T00:00:00.000Z,0,0.030842626467347145
2026-06-16T00:00:00.000Z,0,0.03102734684944153
2026-06-15T00:00:00.000Z,0,
2026-06-19T00:00:00.000Z,0,0.03485364653170109
2026-06-18T00:00:00.000Z,0,0.02681911736726761
2026-06-14T00:00:00.000Z,0,0.027188293635845184
2026-06-17T00:00:00.000Z,0,0.03416835516691208
2026-06-12T00:00:00.000Z,0,
2026-02-04T00:00:00.000Z,0,0.028490545228123665
2026-02-05T00:00:00.000Z,0,0.024953884072601795
2026-02-11T00:00:00.000Z,0,
2026-02-06T00:00:00.000Z,0,0.027075165882706642
2026-02-09T00:00:00.000Z,0,
2026-02-07T00:00:00.000Z,0,
2026-02-08T00:00:00.000Z,0,
2026-02-10T00:00:00.000Z,0,
2025-09-20T00:00:00.000Z,0,0.03311863727867603
2025-09-16T00:00:00.000Z,0,
2025-09-18T00:00:00.000Z,0,0.028858543373644352
2025-09-15T00:00:00.000Z,0,0.026664020493626595
2025-09-14T00:00:00.000Z,0,0.034433215856552124
2025-09-19T00:00:00.000Z,0,0.020567224361002445
2025-09-13T00:00:00.000Z,0,0.035440877079963684
2025-09-17T00:00:00.000Z,0,0.030977826565504074
2026-04-06T00:00:00.000Z,0,0.021799445152282715
2026-04-02T00:00:00.000Z,0,
2026-04-05T00:00:00.000Z,0,0.02620010171085596
2026-04-04T00:00:00.000Z,0,0.03052770532667637
2026-04-08T00:00:00.000Z,0,0.029242319986224174
2026-04-01T00:00:00.000Z,0,0.029835352674126625
2026-04-03T00:00:00.000Z,0,0.027631031349301338
2026-04-07T00:00:00.000Z,0,
2026-03-26T00:00:00.000Z,0,0.031579095870256424
2026-03-30T00:00:00.000Z,0,
2026-03-24T00:00:00.000Z,0,
2026-03-31T00:00:00.000Z,0,
2026-03-28T00:00:00.000Z,0,
2026-03-27T00:00:00.000Z,0,
2026-03-25T00:00:00.000Z,0,
2026-03-29T00:00:00.000Z,0,0.031195683404803276
2026-06-22T00:00:00.000Z,0,0.03199971653521061
2026-06-26T00:00:00.000Z,0,0.029431205242872238
2026-06-20T00:00:00.000Z,0,0.03354112431406975
2026-06-21T00:00:00.000Z,0,0.032445795834064484
2026-06-27T00:00:00.000Z,0,0.028271296992897987
2026-06-23T00:00:00.000Z,0,0.03200116101652384
2026-06-24T00:00:00.000Z,0,0.032348670065402985
2026-06-25T00:00:00.000Z,0,0.02607250027358532
2026-07-28T00:00:00.000Z,0,
2026-07-24T00:00:00.000Z,0,0.027652992866933346
2026-07-25T00:00:00.000Z,0,0.044560614973306656
2026-07-26T00:00:00.000Z,0,0.03959741070866585
2026-07-22T00:00:00.000Z,0,0.034095704555511475
2026-07-29T00:00:00.000Z,0,0.032749779522418976
2026-07-23T00:00:00.000Z,0,0.029398635029792786
2026-07-27T00:00:00.000Z,0,0.028863342478871346
2026-02-03T00:00:00.000Z,0,0.02619950659573078
2026-02-01T00:00:00.000Z,0,
2026-01-31T00:00:00.000Z,0,0.03593632020056248
2026-01-28T00:00:00.000Z,0,
2026-01-29T00:00:00.000Z,0,
2026-02-02T00:00:00.000Z,0,0.03175399638712406
2026-01-27T00:00:00.000Z,0,
2026-01-30T00:00:00.000Z,0,0.03396330028772354
2026-01-01T00:00:00.000Z,0,
2025-12-29T00:00:00.000Z,0,0.02515180967748165
2026-01-02T00:00:00.000Z,0,0.02901984378695488
2025-12-28T00:00:00.000Z,0,0.02501596510410309
2025-12-30T00:00:00.000Z,0,
2025-12-31T00:00:00.000Z,0,
2025-12-26T00:00:00.000Z,0,
2025-12-27T00:00:00.000Z,0,
2026-03-03T00:00:00.000Z,0,0.034398116171360016
2026-03-05T00:00:00.000Z,0,0.027336587198078632
2026-03-06T00:00:00.000Z,0,
2026-03-02T00:00:00.000Z,0,
2026-03-01T00:00:00.000Z,0,
2026-03-04T00:00:00.000Z,0,0.028521856293082237
2026-02-28T00:00:00.000Z,0,
2026-03-07T00:00:00.000Z,0,0.028073061257600784
2026-07-02T00:00:00.000Z,0,0.03325459361076355
2026-07-04T00:00:00.000Z,0,0.02658064290881157
2026-07-03T00:00:00.000Z,0,0.03300459310412407
2026-07-01T00:00:00.000Z,0,
2026-06-29T00:00:00.000Z,0,0.0313946008682251
2026-06-30T00:00:00.000Z,0,0.026640512980520725
2026-07-05T00:00:00.000Z,0,0.03785131499171257
2026-06-28T00:00:00.000Z,0,0.02917354367673397
2025-09-30T00:00:00.000Z,0,
2025-10-01T00:00:00.000Z,0,0.029358341358602047
2025-10-02T00:00:00.000Z,0,
2025-10-06T00:00:00.000Z,0,0.039711255580186844
2025-10-04T00:00:00.000Z,0,0.032584985718131065
2025-10-03T00:00:00.000Z,0,0.031119626946747303
2025-10-05T00:00:00.000Z,0,0.032564020715653896
2025-09-29T00:00:00.000Z,0,0.03492758795619011
2025-12-04T00:00:00.000Z,0,
2025-12-05T00:00:00.000Z,0,
2025-12-02T00:00:00.000Z,0,0.026610326021909714
2025-12-06T00:00:00.000Z,0,
2025-12-09T00:00:00.000Z,0,
2025-12-08T00:00:00.000Z,0,
2025-12-03T00:00:00.000Z,0,0.02737157791852951
2025-12-07T00:00:00.000Z,0,0.03277195617556572
2026-08-28T00:00:00.000Z,0,0.036465417593717575
2026-08-25T00:00:00.000Z,0,0.037160152569413185
2026-08-27T00:00:00.000Z,0,0.031992075964808464
2026-08-24T00:00:00.000Z,0,0.03334907069802284
2026-08-29T00:00:00.000Z,0,
2026-08-26T00:00:00.000Z,0,0.03502348251640797
2026-08-30T00:00:00.000Z,0,0.032345252111554146
2026-08-23T00:00:00.000Z,0,0.03769836202263832
2026-08-16T00:00:00.000Z,0,0.03386686369776726
2026-08-21T00:00:00.000Z,0,0.02776274550706148
2026-08-18T00:00:00.000Z,0,
2026-08-15T00:00:00.000Z,0,0.04033132456243038
2026-08-19T00:00:00.000Z,0,0.02899785991758108
2026-08-22T00:00:00.000Z,0,0.03782125189900398
2026-08-17T00:00:00.000Z,0,0.03563931584358215
2026-08-20T00:00:00.000Z,0,0.02822271455079317
2026-07-31T00:00:00.000Z,0,0.03273892216384411
2026-08-01T00:00:00.000Z,0,0.036655180156230927
2026-08-06T00:00:00.000Z,0,0.033982353284955025
2026-07-30T00:00:00.000Z,0,0.040395304560661316
2026-08-04T00:00:00.000Z,0,0.03511956334114075
2026-08-05T00:00:00.000Z,0,0.02776319719851017
2026-08-02T00:00:00.000Z,0,
2026-08-03T00:00:00.000Z,0,0.030944504775106907
2025-09-25T00:00:00.000Z,0,0.03297481685876846
2025-09-27T00:00:00.000Z,0,0.03469303622841835
2025-09-23T00:00:00.000Z,0,0.03359770029783249
2025-09-24T00:00:00.000Z,0,0.038394175469875336
2025-09-21T00:00:00.000Z,0,0.03148926515132189
2025-09-22T00:00:00.000Z,0,0.030655475333333015
2025-09-28T00:00:00.000Z,0,0.028663383796811104
2025-09-26T00:00:00.000Z,0,0.028562811203300953
2025-12-15T00:00:00.000Z,0,
2025-12-10T00:00:00.000Z,0,0.031150003895163536
2025-12-16T00:00:00.000Z,0,0.028576752170920372
2025-12-17T00:00:00.000Z,0,0.028477630577981472
2025-12-12T00:00:00.000Z,0,0.029631249606609344
2025-12-13T00:00:00.000Z,0,
2025-12-11T00:00:00.000Z,0,
2025-12-14T00:00:00.000Z,0,
2026-05-21T00:00:00.000Z,0,0.029967814683914185
2026-05-19T00:00:00.000Z,0,0.029428623616695404
2026-05-23T00:00:00.000Z,0,0.033773813396692276
2026-05-25T00:00:00.000Z,0,0.03159770369529724
2026-05-26T00:00:00.000Z,0,0.02647959068417549
2026-05-20T00:00:00.000Z,0,0.031094839796423912
2026-05-22T00:00:00.000Z,0,0.03450392000377178
2026-05-24T00:00:00.000Z,0,0.02504803705960512
2025-09-08T00:00:00.000Z,0,0.03188958764076233
2025-09-10T00:00:00.000Z,0,0.02520420029759407
2025-09-12T00:00:00.000Z,0,0.028813193552196026
2025-09-11T00:00:00.000Z,0,0.026277324184775352
2025-09-06T00:00:00.000Z,0,0.03418043628334999
2025-09-07T00:00:00.000Z,0,
2025-09-09T00:00:00.000Z,0,0.032499685883522034
2025-09-05T00:00:00.000Z,0,0.03430390544235706
2025-11-06T00:00:00.000Z,0,
2025-11-03T00:00:00.000Z,0,
2025-11-05T00:00:00.000Z,0,
2025-10-31T00:00:00.000Z,0,
2025-11-02T00:00:00.000Z,0,
2025-11-04T00:00:00.000Z,0,
2025-11-07T00:00:00.000Z,0,0.029439974576234818
2025-11-01T00:00:00.000Z,0,
2025-11-30T00:00:00.000Z,0,
2025-11-26T00:00:00.000Z,0,0.0259659793227911
2025-11-25T00:00:00.000Z,0,0.03094806894659996
2025-11-28T00:00:00.000Z,0,0.031544885598123074
2025-11-29T00:00:00.000Z,0,0.023105304688215256
2025-12-01T00:00:00.000Z,0,0.027858370915055275
2025-11-27T00:00:00.000Z,0,
2025-11-24T00:00:00.000Z,0,
2026-02-14T00:00:00.000Z,0,
2026-02-13T00:00:00.000Z,0,
2026-02-16T00:00:00.000Z,0,0.027050944045186043
2026-02-19T00:00:00.000Z,0,
2026-02-18T00:00:00.000Z,0,
2026-02-15T00:00:00.000Z,0,0.03351792320609093
2026-02-12T00:00:00.000Z,0,0.032348647713661194
2026-02-17T00:00:00.000Z,0,
2026-04-21T00:00:00.000Z,0,0.030311747454106808
2026-04-20T00:00:00.000Z,0,0.03476489707827568
2026-04-19T00:00:00.000Z,0,0.030301246792078018
2026-04-22T00:00:00.000Z,0,
2026-04-18T00:00:00.000Z,0,0.025653292424976826
2026-04-17T00:00:00.000Z,0,0.029268871992826462
2026-04-24T00:00:00.000Z,0,0.030496690422296524
2026-04-23T00:00:00.000Z,0,0.03350946120917797
2026-05-08T00:00:00.000Z,0,0.02419823780655861
2026-05-06T00:00:00.000Z,0,0.03348921611905098
2026-05-10T00:00:00.000Z,0,0.030025353655219078
2026-05-03T00:00:00.000Z,0,0.02955319732427597
2026-05-07T00:00:00.000Z,0,0.0319223552942276
2026-05-09T00:00:00.000Z,0,
2026-05-04T00:00:00.000Z,0,0.025643547996878624
2026-05-05T00:00:00.000Z,0,0.033199239522218704
2026-01-17T00:00:00.000Z,0,0.027369728311896324
2026-01-15T00:00:00.000Z,0,
2026-01-11T00:00:00.000Z,0,0.032078180462121964
2026-01-14T00:00:00.000Z,0,
2026-01-13T00:00:00.000Z,0,0.028438699431717396
2026-01-16T00:00:00.000Z,0,0.021770235151052475
2026-01-18T00:00:00.000Z,0,
2026-01-12T00:00:00.000Z,0,0.026595037430524826
2026-06-06T00:00:00.000Z,0,0.027072740718722343
2026-06-11T00:00:00.000Z,0,0.03145212307572365
2026-06-05T00:00:00.000Z,0,0.027432585135102272
2026-06-07T00:00:00.000Z,0,0.035034822300076485
2026-06-10T00:00:00.000Z,0,0.033597104251384735
2026-06-09T00:00:00.000Z,0,0.026246759109199047
2026-06-08T00:00:00.000Z,0,0.03659229353070259
2026-06-04T00:00:00.000Z,0,0.03373308479785919
2025-10-18T00:00:00.000Z,0,
2025-10-19T00:00:00.000Z,0,0.03428654558956623
2025-10-22T00:00:00.000Z,0,
2025-10-16T00:00:00.000Z,0,0.0459168404340744
2025-10-20T00:00:00.000Z,0,0.038427529856562614
2025-10-15T00:00:00.000Z,0,0.035160548985004425
2025-10-21T00:00:00.000Z,0,
2025-10-17T00:00:00.000Z,0,0.03607003390789032
2025-11-10T00:00:00.000Z,0,
2025-11-14T00:00:00.000Z,0,
2025-11-12T00:00:00.000Z,0,
2025-11-08T00:00:00.000Z,0,
2025-11-09T00:00:00.000Z,0,
2025-11-13T00:00:00.000Z,0,
2025-11-11T00:00:00.000Z,0,0.03029964677989483
2025-11-15T00:00:00.000Z,0,
2026-01-23T00:00:00.000Z,0,
2026-01-25T00:00:00.000Z,0,0.01937892474234104
2026-01-19T00:00:00.000Z,0,
2026-01-21T00:00:00.000Z,0,
2026-01-22T00:00:00.000Z,0,
2026-01-26T00:00:00.000Z,0,
2026-01-20T00:00:00.000Z,0,
2026-01-24T00:00:00.000Z,0,
2026-04-16T00:00:00.000Z,0,0.030431224964559078
2026-04-13T00:00:00.000Z,0,0.02697901614010334
2026-04-15T00:00:00.000Z,0,0.029865230433642864
2026-04-12T00:00:00.000Z,0,
2026-04-10T00:00:00.000Z,0,0.03160422667860985
2026-04-11T00:00:00.000Z,0,
2026-04-09T00:00:00.000Z,0,0.02763273473829031
2026-04-14T00:00:00.000Z,0,0.026579142548143864
2026-05-02T00:00:00.000Z,0,0.030533647164702415
2026-04-26T00:00:00.000Z,0,0.02683830726891756
2026-04-25T00:00:00.000Z,0,0.03156778309494257
2026-05-01T00:00:00.000Z,0,0.022779745049774647
2026-04-27T00:00:00.000Z,0,
2026-04-29T00:00:00.000Z,0,0.02574159950017929
2026-04-30T00:00:00.000Z,0,
2026-04-28T00:00:00.000Z,0,
2026-07-09T00:00:00.000Z,0,0.03620041161775589
2026-07-10T00:00:00.000Z,0,0.0428888201713562
2026-07-07T00:00:00.000Z,0,0.029337078332901
2026-07-08T00:00:00.000Z,0,0.032346442341804504
2026-07-11T00:00:00.000Z,0,0.028986296616494656
2026-07-13T00:00:00.000Z,0,0.0356464646756649
2026-07-06T00:00:00.000Z,0,0.03338397853076458
2026-07-12T00:00:00.000Z,0,0.03710807301104069
2025-09-03T00:00:00.000Z,0,0.018689550459384918
2025-09-04T00:00:00.000Z,0,0.034301355481147766
2025-09-02T00:00:00.000Z,0,0.025089792907238007
2025-08-30T00:00:00.000Z,0,
2025-08-31T00:00:00.000Z,0,
2025-09-01T00:00:00.000Z,0,0.0260535990819335
2025-10-27T00:00:00.000Z,0,
2025-10-23T00:00:00.000Z,0,0.03147498518228531
2025-10-29T00:00:00.000Z,0,
2025-10-26T00:00:00.000Z,0,
2025-10-28T00:00:00.000Z,0,
2025-10-30T00:00:00.000Z,0,0.028508413583040237
2025-10-25T00:00:00.000Z,0,0.030077552422881126
2025-10-24T00:00:00.000Z,0,
2025-11-20T00:00:00.000Z,0,
2025-11-19T00:00:00.000Z,0,
2025-11-17T00:00:00.000Z,0,
2025-11-22T00:00:00.000Z,0,
2025-11-23T00:00:00.000Z,0,0.033439990133047104
2025-11-18T00:00:00.000Z,0,
2025-11-21T00:00:00.000Z,0,0.03080696426331997
2025-11-16T00:00:00.000Z,0,
2026-01-03T00:00:00.000Z,0,
2026-01-04T00:00:00.000Z,0,
2026-01-06T00:00:00.000Z,0,
2026-01-10T00:00:00.000Z,0,
2026-01-07T00:00:00.000Z,0,
2026-01-08T00:00:00.000Z,0,
2026-01-05T00:00:00.000Z,0,
2026-01-09T00:00:00.000Z,0,
2026-06-03T00:00:00.000Z,0,0.03354618884623051
2026-05-29T00:00:00.000Z,0,0.026753539219498634
2026-06-02T00:00:00.000Z,0,0.027155105955898762
2026-06-01T00:00:00.000Z,0,0.031053125858306885
2026-05-30T00:00:00.000Z,0,
2026-05-28T00:00:00.000Z,0,0.031095276586711407
2026-05-27T00:00:00.000Z,0,0.03110289480537176
2026-05-31T00:00:00.000Z,0,0.026320751756429672
2026-07-21T00:00:00.000Z,0,0.034135714173316956
2026-07-15T00:00:00.000Z,0,0.024871690198779106
2026-07-20T00:00:00.000Z,0,0.03275858797132969
2026-07-17T00:00:00.000Z,0,
2026-07-16T00:00:00.000Z,0,0.031052134931087494
2026-07-14T00:00:00.000Z,0,0.03786311484873295
2026-07-19T00:00:00.000Z,0,0.03185519762337208
2026-07-18T00:00:00.000Z,0,0.03478889912366867
2026-08-10T00:00:00.000Z,0,0.03961284086108208
2026-08-07T00:00:00.000Z,0,0.035533357411623
2026-08-09T00:00:00.000Z,0,0.03707396052777767
2026-08-08T00:00:00.000Z,0,0.0328565388917923
2026-08-13T00:00:00.000Z,0,0.03763050027191639
2026-08-12T00:00:00.000Z,0,0.03010505810379982
2026-08-11T00:00:00.000Z,0,0.037564050406217575
2026-08-14T00:00:00.000Z,0,0.031243333593010902
