date,feature_index,O3
2026-01-17T00:00:00.000Z,0,0.11217216749986013
2026-01-15T00:00:00.000Z,0,0.11315297335386276
2026-01-11T00:00:00.000Z,0,0.113425841430823
2026-01-14T00:00:00.000Z,0,0.11153960277636846
2026-01-13T00:00:00.000Z,0,0.11314089422424635
2026-01-16T00:00:00.000Z,0,0.11193995003898939
2026-01-18T00:00:00.000Z,0,0.11378923654556275
2026-01-12T00:00:00.000Z,0,0.11397771884997686
2026-04-16T00:00:00.000Z,0,0.11695970023671785
2026-04-13T00:00:00.000Z,0,0.11758454690376917
2026-04-15T00:00:00.000Z,0,0.11587759777903557
2026-04-12T00:00:00.000Z,0,0.11761616071065267
2026-04-10T00:00:00.000Z,0,0.1178907925883929
2026-04-11T00:00:00.000Z,0,0.11911917527516683
2026-04-09T00:00:00.000Z,0,0.1179710974295934
2026-04-14T00:00:00.000Z,0,0.1166093111038208
2026-07-28T00:00:00.000Z,0,0.11898386056224505
2026-07-24T00:00:00.000Z,0,0.1164448911945025
2026-07-25T00:00:00.000Z,0,0.11947132597366969
2026-07-26T00:00:00.000Z,0,0.12127124990026156
2026-07-22T00:00:00.000Z,0,0.11376527299483617
2026-07-29T00:00:00.000Z,0,0.12013272518912951
2026-07-23T00:00:00.000Z,0,0.11619800180196763
2026-07-27T00:00:00.000Z,0,0.1184853658080101
2026-03-03T00:00:00.000Z,0,0.11252758949995041
2026-03-05T00:00:00.000Z,0,0.11223602990309398
2026-03-06T00:00:00.000Z,0,0.11480333805084228
2026-03-02T00:00:00.000Z,0,0.11497573877374331
2026-03-01T00:00:00.000Z,0,0.11413735598325729
2026-03-04T00:00:00.000Z,0,0.11254604707161585
2026-02-28T00:00:00.000Z,0,0.11350259979565938
2026-03-07T00:00:00.000Z,0,0.11555645763874053
2026-07-21T00:00:00.000Z,0,0.11327023158470789
2026-07-15T00:00:00.000Z,0,0.11676187043388685
2026-07-20T00:00:00.000Z,0,0.11522762849926949
2026-07-17T00:00:00.000Z,0,0.11570498620470365
2026-07-16T00:00:00.000Z,0,0.11508763954043388
2026-07-14T00:00:00.000Z,0,0.11696966141462325
2026-07-19T00:00:00.000Z,0,0.11717239518960317
2026-07-18T00:00:00.000Z,0,0.11579125771919886
2026-01-03T00:00:00.000Z,0,0.11188213502367338
2026-01-04T00:00:00.000Z,0,0.11319179187218348
2026-01-06T00:00:00.000Z,0,0.11199812144041062
2026-01-10T00:00:00.000Z,0,0.11361847048004468
2026-01-07T00:00:00.000Z,0,0.11414170314868291
2026-01-08T00:00:00.000Z,0,0.11399148851633072
2026-01-05T00:00:00.000Z,0,0.11248710850874583
2026-01-09T00:00:00.000Z,0,0.11458438634872437
2026-02-04T00:00:00.000Z,0,0.1151276263097922
2026-02-05T00:00:00.000Z,0,0.11476592620213827
2026-02-11T00:00:00.000Z,0,0.1138032520810763
2026-02-06T00:00:00.000Z,0,0.11432770242293676
2026-02-09T00:00:00.000Z,0,0.11387416794896126
2026-02-07T00:00:00.000Z,0,0.11401291290918986
2026-02-08T00:00:00.000Z,0,0.11558967108527819
2026-02-10T00:00:00.000Z,0,0.11369622796773911
2026-06-03T00:00:00.000Z,0,0.11520982682704925
2026-05-29T00:00:00.000Z,0,0.11861790915330252
2026-06-02T00:00:00.000Z,0,0.11670533294479052
2026-06-01T00:00:00.000Z,0,0.11662916789452235
2026-05-30T00:00:00.000Z,0,0.11715277979771296
2026-05-28T00:00:00.000Z,0,0.11850216910243035
2026-05-27T00:00:00.000Z,0,0.116954472164313
2026-05-31T00:00:00.000Z,0,0.11672018816073736
2026-07-31T00:00:00.000Z,0,0.11926002676288287
2026-08-01T00:00:00.000Z,0,0.12018294334411621
2026-08-06T00:00:00.000Z,0,0.12052594100435575
2026-07-30T00:00:00.000Z,0,0.12001226147015889
2026-08-04T00:00:00.000Z,0,0.11793029308319092
2026-08-05T00:00:00.000Z,0,0.11831735943754514
2026-08-02T00:00:00.000Z,0,0.12081574002901713
2026-08-03T00:00:00.000Z,0,0.1196381722887357
2026-08-10T00:00:00.000Z,0,0.12172151481111844
2026-08-07T00:00:00.000Z,0,0.12137669523557028
2026-08-09T00:00:00.000Z,0,0.12178692991534869
2026-08-08T00:00:00.000Z,0,0.12113631963729858
2026-08-13T00:00:00.000Z,0,0.1165958618124326
2026-08-12T00:00:00.000Z,0,0.12019803101817766
2026-08-11T00:00:00.000Z,0,0.12098136817415556
2026-08-14T00:00:00.000Z,0,0.1182411844531695
2026-02-14T00:00:00.000Z,0,0.11301551833748817
2026-02-13T00:00:00.000Z,0,0.11302921324968337
2026-02-16T00:00:00.000Z,0,0.11463044832150142
2026-02-19T00:00:00.000Z,0,0.11140104035536448
2026-02-18T00:00:00.000Z,0,0.11407019073764484
2026-02-15T00:00:00.000Z,0,0.11193778067827224
2026-02-12T00:00:00.000Z,0,0.11196160465478897
2026-02-17T00:00:00.000Z,0,0.11439230591058731
2026-06-06T00:00:00.000Z,0,0.11671444500486056
2026-06-11T00:00:00.000Z,0,0.11736147503058116
2026-06-05T00:00:00.000Z,0,0.11705365851521492
2026-06-07T00:00:00.000Z,0,0.11662936881184578
2026-06-10T00:00:00.000Z,0,0.11820350910226504
2026-06-09T00:00:00.000Z,0,0.11858557735880217
2026-06-08T00:00:00.000Z,0,0.11872207423051198
2026-06-04T00:00:00.000Z,0,0.11630598902702331
2026-07-09T00:00:00.000Z,0,0.11893147627512614
2026-07-10T00:00:00.000Z,0,0.11861704289913177
2026-07-07T00:00:00.000Z,0,0.11616654222210249
2026-07-08T00:00:00.000Z,0,0.11801837260524432
2026-07-11T00:00:00.000Z,0,0.1180163932343324
2026-07-13T00:00:00.000Z,0,0.11791453336675962
2026-07-06T00:00:00.000Z,0,
2026-07-12T00:00:00.000Z,0,0.1155037097632885
2026-08-28T00:00:00.000Z,0,0.11621488084395727
2026-08-25T00:00:00.000Z,0,0.12069050694505373
2026-08-27T00:00:00.000Z,0,0.11817770799001058
2026-08-24T00:00:00.000Z,0,0.12089189762870471
2026-08-26T00:00:00.000Z,0,0.12049157470464707
2026-08-23T00:00:00.000Z,0,0.12074857875704766
2025-12-19T00:00:00.000Z,0,0.11331519857048988
2025-12-23T00:00:00.000Z,0,0.11487991958856583
2025-12-18T00:00:00.000Z,0,0.11469246298074723
2025-12-25T00:00:00.000Z,0,0.11555027465025584
2025-12-21T00:00:00.000Z,0,0.11449235156178475
2025-12-24T00:00:00.000Z,0,0.11518137156963348
2025-12-20T00:00:00.000Z,0,0.11423543269435564
2025-12-22T00:00:00.000Z,0,0.11710424795746803
2026-05-02T00:00:00.000Z,0,0.1167933796842893
2026-04-26T00:00:00.000Z,0,0.11694545224308968
2026-04-25T00:00:00.000Z,0,0.11772152682145437
2026-05-01T00:00:00.000Z,0,0.1159015379846096
2026-04-27T00:00:00.000Z,0,0.11578820769985516
2026-04-29T00:00:00.000Z,0,0.11711373006304106
2026-04-30T00:00:00.000Z,0,0.11638345991571744
2026-04-28T00:00:00.000Z,0,0.11553776562213898
2025-12-16T00:00:00.000Z,0,0.11513269543647767
2025-12-17T00:00:00.000Z,0,0.11567423219482104
2025-11-10T00:00:00.000Z,0,0.1147749031583468
2025-11-14T00:00:00.000Z,0,0.11710239971677462
2025-11-12T00:00:00.000Z,0,0.11600202197829883
2025-11-08T00:00:00.000Z,0,0.11486213455597559
2025-11-09T00:00:00.000Z,0,0.11726662740111352
2025-11-13T00:00:00.000Z,0,0.11539732068777084
2025-11-11T00:00:00.000Z,0,0.11494603579243025
2025-11-15T00:00:00.000Z,0,0.11646114066243171
2025-11-20T00:00:00.000Z,0,0.11510881980260214
2025-11-19T00:00:00.000Z,0,0.11528105686108271
2025-11-17T00:00:00.000Z,0,0.11579563319683076
2025-11-22T00:00:00.000Z,0,0.11498970637718836
2025-11-23T00:00:00.000Z,0,0.11330838724970818
2025-11-18T00:00:00.000Z,0,0.11491827567418417
2025-11-21T00:00:00.000Z,0,0.11402800877888998
2025-11-16T00:00:00.000Z,0,0.11742303023735683
2026-03-19T00:00:00.000Z,0,0.11309560760855675
2026-03-16T00:00:00.000Z,0,0.1156163511176904
2026-03-21T00:00:00.000Z,0,0.11397522365053495
2026-03-22T00:00:00.000Z,0,0.11415417765577635
2026-03-23T00:00:00.000Z,0,0.11605651651819547
2026-03-20T00:00:00.000Z,0,0.11500096668799718
2026-03-17T00:00:00.000Z,0,0.11461653411388398
2026-03-18T00:00:00.000Z,0,0.11419971312085787
2025-09-03T00:00:00.000Z,0,0.11421831275026004
2025-09-04T00:00:00.000Z,0,0.11339506755272548
2025-09-02T00:00:00.000Z,0,0.1150818405052026
2025-08-29T00:00:00.000Z,0,0.11306833898027738
2025-08-30T00:00:00.000Z,0,0.11558308104674021
2025-08-28T00:00:00.000Z,0,
2025-08-31T00:00:00.000Z,0,0.11656048273046811
2025-09-01T00:00:00.000Z,0,0.11576702867945035
2025-09-20T00:00:00.000Z,0,
2025-09-16T00:00:00.000Z,0,0.11498663673798243
2025-09-18T00:00:00.000Z,0,0.11282978132367134
2025-09-15T00:00:00.000Z,0,0.11573049748937289
2025-09-14T00:00:00.000Z,0,0.11553583194812139
2025-09-19T00:00:00.000Z,0,0.11347155546148618
2025-09-13T00:00:00.000Z,0,0.1150535265604655
2025-09-17T00:00:00.000Z,0,0.11476351295908292
2025-09-30T00:00:00.000Z,0,
2025-10-01T00:00:00.000Z,0,0.11238013009230295
2025-10-02T00:00:00.000Z,0,0.11543123001853625
2025-10-06T00:00:00.000Z,0,0.11876112843553226
2025-10-04T00:00:00.000Z,0,0.11494048933188121
2025-10-03T00:00:00.000Z,0,0.1164180134733518
2025-10-05T00:00:00.000Z,0,0.11635183617472648
2025-09-29T00:00:00.000Z,0,0.1164935700595379
2025-10-27T00:00:00.000Z,0,0.1167485495408376
2025-10-23T00:00:00.000Z,0,0.11673499966661136
2025-10-29T00:00:00.000Z,0,0.11666798243920008
2025-10-26T00:00:00.000Z,0,0.11812290474772454
2025-10-28T00:00:00.000Z,0,0.11359770372509956
2025-10-30T00:00:00.000Z,0,0.11739686951041221
2025-10-25T00:00:00.000Z,0,0.1168424665927887
2025-10-24T00:00:00.000Z,0,0.11667106077075004
2026-01-23T00:00:00.000Z,0,0.1122577279806137
2026-01-25T00:00:00.000Z,0,0.11319501350323359
2026-01-19T00:00:00.000Z,0,0.11406873762607575
2026-01-21T00:00:00.000Z,0,0.11270827849706014
2026-01-22T00:00:00.000Z,0,0.11131613155206045
2026-01-26T00:00:00.000Z,0,0.1130378062526385
2026-01-20T00:00:00.000Z,0,0.11217881788810094
2026-01-24T00:00:00.000Z,0,0.11280920132994651
2026-03-08T00:00:00.000Z,0,0.11308219606677691
2026-03-09T00:00:00.000Z,0,0.11363280341029167
2026-03-12T00:00:00.000Z,0,0.11392261882623037
2026-03-10T00:00:00.000Z,0,0.11393132110436757
2026-03-13T00:00:00.000Z,0,0.11451232110460599
2026-03-15T00:00:00.000Z,0,0.11571059897541999
2026-03-11T00:00:00.000Z,0,0.11297993858655293
2026-03-14T00:00:00.000Z,0,0.11524049614866574
2026-03-26T00:00:00.000Z,0,0.11525950456659
2026-03-30T00:00:00.000Z,0,0.11582338015238444
2026-03-24T00:00:00.000Z,0,0.1159639224410057
2026-03-31T00:00:00.000Z,0,0.11729378253221512
2026-03-28T00:00:00.000Z,0,0.11676129773259163
2026-03-27T00:00:00.000Z,0,0.11803164730469386
2026-03-25T00:00:00.000Z,0,0.11687756006916364
2026-03-29T00:00:00.000Z,0,0.11668537631630897
2026-06-13T00:00:00.000Z,0,0.11150279964009921
2026-06-16T00:00:00.000Z,0,0.11511932263771693
2026-06-15T00:00:00.000Z,0,0.11326310609777769
2026-06-19T00:00:00.000Z,0,0.11749797314405441
2026-06-18T00:00:00.000Z,0,0.117119649797678
2026-06-14T00:00:00.000Z,0,0.11023489460349083
2026-06-17T00:00:00.000Z,0,0.11612316022316614
2026-06-12T00:00:00.000Z,0,0.11168765450517336
2026-07-02T00:00:00.000Z,0,0.11673210412263871
2026-07-04T00:00:00.000Z,0,0.11718973914782206
2026-07-03T00:00:00.000Z,0,0.1166281335055828
2026-07-01T00:00:00.000Z,0,0.11660360197226206
2026-06-29T00:00:00.000Z,0,0.1153019830584526
2026-06-30T00:00:00.000Z,0,0.11681250557303428
2026-07-05T00:00:00.000Z,0,0.11610181406140327
2026-06-28T00:00:00.000Z,0,0.11397196277976036
2025-11-30T00:00:00.000Z,0,0.116136401395003
2025-11-26T00:00:00.000Z,0,0.1118831291794777
2025-11-25T00:00:00.000Z,0,0.11343005895614625
2025-11-28T00:00:00.000Z,0,0.11317274396618207
2025-11-29T00:00:00.000Z,0,0.11507230376203854
2025-12-01T00:00:00.000Z,0,0.11560589199264844
2025-11-27T00:00:00.000Z,0,0.11442740162213644
2025-11-24T00:00:00.000Z,0,0.11601476048429807
2025-12-04T00:00:00.000Z,0,0.11591346363226572
2025-12-05T00:00:00.000Z,0,0.11536588470141093
2025-12-02T00:00:00.000Z,0,0.11436442385117213
2025-12-06T00:00:00.000Z,0,0.11548060551285744
2025-12-09T00:00:00.000Z,0,0.11574656044443449
2025-12-08T00:00:00.000Z,0,0.11542462805906932
2025-12-03T00:00:00.000Z,0,0.11564323926965396
2025-12-07T00:00:00.000Z,0,0.11493858968218168
2026-02-25T00:00:00.000Z,0,0.11272206207116445
2026-02-23T00:00:00.000Z,0,0.11422120407223701
2026-02-24T00:00:00.000Z,0,0.1135232205192248
2026-02-26T00:00:00.000Z,0,0.11303926582137744
2026-02-22T00:00:00.000Z,0,0.1130807009836038
2026-02-21T00:00:00.000Z,0,0.11272373795509338
2026-02-20T00:00:00.000Z,0,0.11128310437003772
2026-02-27T00:00:00.000Z,0,0.11301158542434374
2025-12-15T00:00:00.000Z,0,0.1164001114666462
2025-12-10T00:00:00.000Z,0,0.11690193439523379
2025-12-12T00:00:00.000Z,0,0.1138005035618941
2025-12-13T00:00:00.000Z,0,0.11346902921795846
2025-12-11T00:00:00.000Z,0,0.11515903348724048
2025-12-14T00:00:00.000Z,0,0.1161770097911358
2026-04-06T00:00:00.000Z,0,0.11754280204574268
2026-04-02T00:00:00.000Z,0,0.11876549795269967
2026-04-05T00:00:00.000Z,0,0.11745942657192548
2026-04-04T00:00:00.000Z,0,0.11861684794227283
2026-04-08T00:00:00.000Z,0,0.11784499088923137
2026-04-01T00:00:00.000Z,0,0.11771826247374216
2026-04-03T00:00:00.000Z,0,0.11803133512536684
2026-04-07T00:00:00.000Z,0,0.11757902304331462
2026-05-08T00:00:00.000Z,0,0.11616004804770151
2026-05-06T00:00:00.000Z,0,0.11836754257480303
2026-05-10T00:00:00.000Z,0,0.11654770076274872
2026-05-03T00:00:00.000Z,0,0.11702146281798681
2026-05-07T00:00:00.000Z,0,0.11830600202083588
2026-05-09T00:00:00.000Z,0,0.1167815533777078
2026-05-04T00:00:00.000Z,0,0.11834393541018168
2026-05-05T00:00:00.000Z,0,
2026-08-16T00:00:00.000Z,0,0.11839459985494613
2026-08-21T00:00:00.000Z,0,0.12320106079181035
2026-08-18T00:00:00.000Z,0,0.12120787377158801
2026-08-15T00:00:00.000Z,0,0.11853108704090118
2026-08-19T00:00:00.000Z,0,0.12112421244382858
2026-08-22T00:00:00.000Z,0,0.12108300675948461
2026-08-17T00:00:00.000Z,0,0.121760609994332
2026-08-20T00:00:00.000Z,0,0.1217254196604093
2025-09-08T00:00:00.000Z,0,0.11275393640001614
2025-09-10T00:00:00.000Z,0,0.11559106310208639
2025-09-12T00:00:00.000Z,0,0.1148632509013017
2025-09-11T00:00:00.000Z,0,0.1160046416024367
2025-09-06T00:00:00.000Z,0,0.11358797202507655
2025-09-07T00:00:00.000Z,0,0.11355198646585146
2025-09-09T00:00:00.000Z,0,0.1144913616279761
2025-09-05T00:00:00.000Z,0,0.11376690740386645
2025-10-11T00:00:00.000Z,0,0.11383142570654552
2025-10-12T00:00:00.000Z,0,0.11545375312368075
2025-10-14T00:00:00.000Z,0,0.11877548396587372
2025-10-09T00:00:00.000Z,0,0.11884224539001782
2025-10-13T00:00:00.000Z,0,0.1165369359155496
2025-10-10T00:00:00.000Z,0,0.11661729117234548
2025-10-07T00:00:00.000Z,0,0.12020447924733162
2025-10-08T00:00:00.000Z,0,0.11826222613453866
2025-10-18T00:00:00.000Z,0,0.11951102291544279
2025-10-19T00:00:00.000Z,0,0.11630472888549169
2025-10-22T00:00:00.000Z,0,0.12009299993515014
2025-10-16T00:00:00.000Z,0,0.12014849955836931
2025-10-20T00:00:00.000Z,0,0.11690785810351371
2025-10-15T00:00:00.000Z,0,0.11843649918834369
2025-10-21T00:00:00.000Z,0,0.11987543056408564
2025-10-17T00:00:00.000Z,0,0.12036421274145444
2025-11-06T00:00:00.000Z,0,0.11333746388554573
2025-11-03T00:00:00.000Z,0,0.11736472273866336
2025-11-05T00:00:00.000Z,0,0.11413453420003256
2025-10-31T00:00:00.000Z,0,0.11670008972287178
2025-11-02T00:00:00.000Z,0,0.11738277475039165
2025-11-04T00:00:00.000Z,0,0.115690698971351
2025-11-07T00:00:00.000Z,0,0.1138921856880188
2025-11-01T00:00:00.000Z,0,0.11518199145793914
2026-01-01T00:00:00.000Z,0,0.11476288462678591
2025-12-29T00:00:00.000Z,0,0.11407472218076388
2026-01-02T00:00:00.000Z,0,0.10993452668190003
2025-12-28T00:00:00.000Z,0,0.11395285353064537
2025-12-30T00:00:00.000Z,0,0.11446702256798744
2025-12-31T00:00:00.000Z,0,0.11352113336324691
2025-12-26T00:00:00.000Z,0,0.11476669882734616
2025-12-27T00:00:00.000Z,0,0.11389543364445369
2026-02-03T00:00:00.000Z,0,0.1140505683918794
2026-02-01T00:00:00.000Z,0,0.11467356731494267
2026-01-31T00:00:00.000Z,0,0.11457560285925865
2026-01-28T00:00:00.000Z,0,0.11545776401956877
2026-01-29T00:00:00.000Z,0,0.11291764949758848
2026-02-02T00:00:00.000Z,0,0.11312332401672999
2026-01-27T00:00:00.000Z,0,0.11292288899421692
2026-01-30T00:00:00.000Z,0,0.11502307131886483
2026-04-21T00:00:00.000Z,0,0.1163801963130633
2026-04-20T00:00:00.000Z,0,0.11887528722484907
2026-04-19T00:00:00.000Z,0,0.11860346992810568
2026-04-22T00:00:00.000Z,0,0.11607380459705989
2026-04-18T00:00:00.000Z,0,0.11724023719628653
2026-04-17T00:00:00.000Z,0,0.11626729095975558
2026-04-24T00:00:00.000Z,0,0.11749616811672846
2026-04-23T00:00:00.000Z,0,0.11525908733407657
2026-05-15T00:00:00.000Z,0,0.11636612489819527
2026-05-17T00:00:00.000Z,0,0.11590090443690618
2026-05-11T00:00:00.000Z,0,0.11557029287020365
2026-05-16T00:00:00.000Z,0,0.11671066656708717
2026-05-18T00:00:00.000Z,0,0.11667996942996979
2026-05-12T00:00:00.000Z,0,0.11407624483108521
2026-05-14T00:00:00.000Z,0,0.11306705325841904
2026-05-13T00:00:00.000Z,0,0.11466189871231715
2026-06-22T00:00:00.000Z,0,0.11778050065040588
2026-06-26T00:00:00.000Z,0,0.1143306312461694
2026-06-20T00:00:00.000Z,0,0.11799978589018185
2026-06-21T00:00:00.000Z,0,0.11946448485056559
2026-06-27T00:00:00.000Z,0,0.11204018443822861
2026-06-23T00:00:00.000Z,0,0.1168080747127533
2026-06-24T00:00:00.000Z,0,0.1152142604192098
2026-06-25T00:00:00.000Z,0,0.11639518017570177
2025-09-25T00:00:00.000Z,0,0.11330293416976929
2025-09-27T00:00:00.000Z,0,0.1169138121108214
2025-09-23T00:00:00.000Z,0,0.11346578126152357
2025-09-24T00:00:00.000Z,0,0.11323077231645584
2025-09-21T00:00:00.000Z,0,0.11349415555596351
2025-09-22T00:00:00.000Z,0,0.11442814071973165
2025-09-28T00:00:00.000Z,0,0.11706695804993311
2025-09-26T00:00:00.000Z,0,0.1138770525654157
2026-05-21T00:00:00.000Z,0,0.11620196799437205
2026-05-19T00:00:00.000Z,0,0.11473587229847908
2026-05-23T00:00:00.000Z,0,0.11810681025187174
2026-05-25T00:00:00.000Z,0,0.11684273059169452
2026-05-26T00:00:00.000Z,0,0.11615392491221428
2026-05-20T00:00:00.000Z,0,0.11652041673660278
2026-05-22T00:00:00.000Z,0,0.11533185417453448
2026-05-24T00:00:00.000Z,0,0.11741340085864067
